StateFIPS	CountyFIPS_3	CountyName	StateName	
01	001	Autauga	Alabama	
01	003	Baldwin	Alabama	
01	005	Barbour	Alabama	
01	007	Bibb	Alabama	
01	009	Blount	Alabama	
01	011	Bullock	Alabama	
01	013	Butler	Alabama	
01	015	Calhoun	Alabama	
01	017	Chambers	Alabama	
01	019	Cherokee	Alabama	
01	021	Chilton	Alabama	
01	023	Choctaw	Alabama	
01	025	Clarke	Alabama	
01	027	Clay	Alabama	
01	029	Cleburne	Alabama	
01	031	Coffee	Alabama	
01	033	Colbert	Alabama	
01	035	Conecuh	Alabama	
01	037	Coosa	Alabama	
01	039	Covington	Alabama	
01	041	Crenshaw	Alabama	
01	043	Cullman	Alabama	
01	045	Dale	Alabama	
01	047	Dallas	Alabama	
01	049	DeKalb	Alabama	
01	051	Elmore	Alabama	
01	053	Escambia	Alabama	
01	055	Etowah	Alabama	
01	057	Fayette	Alabama	
01	059	Franklin	Alabama	
01	061	Geneva	Alabama	
01	063	Greene	Alabama	
01	065	Hale	Alabama	
01	067	Henry	Alabama	
01	069	Houston	Alabama	
01	071	Jackson	Alabama	
01	073	Jefferson	Alabama	
01	075	Lamar	Alabama	
01	077	Lauderdale	Alabama	
01	079	Lawrence	Alabama	
01	081	Lee	Alabama	
01	083	Limestone	Alabama	
01	085	Lowndes	Alabama	
01	087	Macon	Alabama	
01	089	Madison	Alabama	
01	091	Marengo	Alabama	
01	093	Marion	Alabama	
01	095	Marshall	Alabama	
01	097	Mobile	Alabama	
01	099	Monroe	Alabama	
01	101	Montgomery	Alabama	
01	103	Morgan	Alabama	
01	105	Perry	Alabama	
01	107	Pickens	Alabama	
01	109	Pike	Alabama	
01	111	Randolph	Alabama	
01	113	Russell	Alabama	
01	115	St. Clair	Alabama	
01	117	Shelby	Alabama	
01	119	Sumter	Alabama	
01	121	Talladega	Alabama	
01	123	Tallapoosa	Alabama	
01	125	Tuscaloosa	Alabama	
01	127	Walker	Alabama	
01	129	Washington	Alabama	
01	131	Wilcox	Alabama	
01	133	Winston	Alabama	
02	013	Aleutians East Borough	Alaska	
02	016	Aleutians West Census Area	Alaska	
02	020	Anchorage Municipality	Alaska	
02	050	Bethel Census Area	Alaska	
02	060	Bristol Bay Borough	Alaska	
02	063	Chugach Census Area	Alaska	
02	066	Copper River Census Area	Alaska	
02	068	Denali Borough	Alaska	
02	070	Dillingham Census Area	Alaska	
02	090	Fairbanks North Star Borough	Alaska	
02	100	Haines Borough	Alaska	
02	105	Hoonah-Angoon Census Area	Alaska	
02	110	Juneau City and Borough	Alaska	
02	122	Kenai Peninsula Borough	Alaska	
02	130	Ketchikan Gateway Borough	Alaska	
02	150	Kodiak Island Borough	Alaska	
02	158	Kusilvak Census Area	Alaska	
02	164	Lake and Peninsula Borough	Alaska	
02	170	Matanuska-Susitna Borough	Alaska	
02	180	Nome Census Area	Alaska	
02	185	North Slope Borough	Alaska	
02	188	Northwest Arctic Borough	Alaska	
02	195	Petersburg Borough	Alaska	
02	198	Prince of Wales-Hyder Census Area	Alaska	
02	220	Sitka City and Borough	Alaska	
02	230	Skagway Municipality	Alaska	
02	240	Southeast Fairbanks Census Area	Alaska	
02	275	Wrangell City and Borough	Alaska	
02	282	Yakutat City and Borough	Alaska	
02	290	Yukon-Koyukuk Census Area	Alaska	
04	001	Apache	Arizona	
04	003	Cochise	Arizona	
04	005	Coconino	Arizona	
04	007	Gila	Arizona	
04	009	Graham	Arizona	
04	011	Greenlee	Arizona	
04	012	La Paz	Arizona	
04	013	Maricopa	Arizona	
04	015	Mohave	Arizona	
04	017	Navajo	Arizona	
04	019	Pima	Arizona	
04	021	Pinal	Arizona	
04	023	Santa Cruz	Arizona	
04	025	Yavapai	Arizona	
04	027	Yuma	Arizona	
05	001	Arkansas	Arkansas	
05	003	Ashley	Arkansas	
05	005	Baxter	Arkansas	
05	007	Benton	Arkansas	
05	009	Boone	Arkansas	
05	011	Bradley	Arkansas	
05	013	Calhoun	Arkansas	
05	015	Carroll	Arkansas	
05	017	Chicot	Arkansas	
05	019	Clark	Arkansas	
05	021	Clay	Arkansas	
05	023	Cleburne	Arkansas	
05	025	Cleveland	Arkansas	
05	027	Columbia	Arkansas	
05	029	Conway	Arkansas	
05	031	Craighead	Arkansas	
05	033	Crawford	Arkansas	
05	035	Crittenden	Arkansas	
05	037	Cross	Arkansas	
05	039	Dallas	Arkansas	
05	041	Desha	Arkansas	
05	043	Drew	Arkansas	
05	045	Faulkner	Arkansas	
05	047	Franklin	Arkansas	
05	049	Fulton	Arkansas	
05	051	Garland	Arkansas	
05	053	Grant	Arkansas	
05	055	Greene	Arkansas	
05	057	Hempstead	Arkansas	
05	059	Hot Spring	Arkansas	
05	061	Howard	Arkansas	
05	063	Independence	Arkansas	
05	065	Izard	Arkansas	
05	067	Jackson	Arkansas	
05	069	Jefferson	Arkansas	
05	071	Johnson	Arkansas	
05	073	Lafayette	Arkansas	
05	075	Lawrence	Arkansas	
05	077	Lee	Arkansas	
05	079	Lincoln	Arkansas	
05	081	Little River	Arkansas	
05	083	Logan	Arkansas	
05	085	Lonoke	Arkansas	
05	087	Madison	Arkansas	
05	089	Marion	Arkansas	
05	091	Miller	Arkansas	
05	093	Mississippi	Arkansas	
05	095	Monroe	Arkansas	
05	097	Montgomery	Arkansas	
05	099	Nevada	Arkansas	
05	101	Newton	Arkansas	
05	103	Ouachita	Arkansas	
05	105	Perry	Arkansas	
05	107	Phillips	Arkansas	
05	109	Pike	Arkansas	
05	111	Poinsett	Arkansas	
05	113	Polk	Arkansas	
05	115	Pope	Arkansas	
05	117	Prairie	Arkansas	
05	119	Pulaski	Arkansas	
05	121	Randolph	Arkansas	
05	123	St. Francis	Arkansas	
05	125	Saline	Arkansas	
05	127	Scott	Arkansas	
05	129	Searcy	Arkansas	
05	131	Sebastian	Arkansas	
05	133	Sevier	Arkansas	
05	135	Sharp	Arkansas	
05	137	Stone	Arkansas	
05	139	Union	Arkansas	
05	141	Van Buren	Arkansas	
05	143	Washington	Arkansas	
05	145	White	Arkansas	
05	147	Woodruff	Arkansas	
05	149	Yell	Arkansas	
06	001	Alameda	California	
06	003	Alpine	California	
06	005	Amador	California	
06	007	Butte	California	
06	009	Calaveras	California	
06	011	Colusa	California	
06	013	Contra Costa	California	
06	015	Del Norte	California	
06	017	El Dorado	California	
06	019	Fresno	California	
06	021	Glenn	California	
06	023	Humboldt	California	
06	025	Imperial	California	
06	027	Inyo	California	
06	029	Kern	California	
06	031	Kings	California	
06	033	Lake	California	
06	035	Lassen	California	
06	037	Los Angeles	California	
06	039	Madera	California	
06	041	Marin	California	
06	043	Mariposa	California	
06	045	Mendocino	California	
06	047	Merced	California	
06	049	Modoc	California	
06	051	Mono	California	
06	053	Monterey	California	
06	055	Napa	California	
06	057	Nevada	California	
06	059	Orange	California	
06	061	Placer	California	
06	063	Plumas	California	
06	065	Riverside	California	
06	067	Sacramento	California	
06	069	San Benito	California	
06	071	San Bernardino	California	
06	073	San Diego	California	
06	075	San Francisco	California	
06	077	San Joaquin	California	
06	079	San Luis Obispo	California	
06	081	San Mateo	California	
06	083	Santa Barbara	California	
06	085	Santa Clara	California	
06	087	Santa Cruz	California	
06	089	Shasta	California	
06	091	Sierra	California	
06	093	Siskiyou	California	
06	095	Solano	California	
06	097	Sonoma	California	
06	099	Stanislaus	California	
06	101	Sutter	California	
06	103	Tehama	California	
06	105	Trinity	California	
06	107	Tulare	California	
06	109	Tuolumne	California	
06	111	Ventura	California	
06	113	Yolo	California	
06	115	Yuba	California	
08	001	Adams	Colorado	
08	003	Alamosa	Colorado	
08	005	Arapahoe	Colorado	
08	007	Archuleta	Colorado	
08	009	Baca	Colorado	
08	011	Bent	Colorado	
08	013	Boulder	Colorado	
08	014	Broomfield	Colorado	
08	015	Chaffee	Colorado	
08	017	Cheyenne	Colorado	
08	019	Clear Creek	Colorado	
08	021	Conejos	Colorado	
08	023	Costilla	Colorado	
08	025	Crowley	Colorado	
08	027	Custer	Colorado	
08	029	Delta	Colorado	
08	031	Denver	Colorado	
08	033	Dolores	Colorado	
08	035	Douglas	Colorado	
08	037	Eagle	Colorado	
08	039	Elbert	Colorado	
08	041	El Paso	Colorado	
08	043	Fremont	Colorado	
08	045	Garfield	Colorado	
08	047	Gilpin	Colorado	
08	049	Grand	Colorado	
08	051	Gunnison	Colorado	
08	053	Hinsdale	Colorado	
08	055	Huerfano	Colorado	
08	057	Jackson	Colorado	
08	059	Jefferson	Colorado	
08	061	Kiowa	Colorado	
08	063	Kit Carson	Colorado	
08	065	Lake	Colorado	
08	067	La Plata	Colorado	
08	069	Larimer	Colorado	
08	071	Las Animas	Colorado	
08	073	Lincoln	Colorado	
08	075	Logan	Colorado	
08	077	Mesa	Colorado	
08	079	Mineral	Colorado	
08	081	Moffat	Colorado	
08	083	Montezuma	Colorado	
08	085	Montrose	Colorado	
08	087	Morgan	Colorado	
08	089	Otero	Colorado	
08	091	Ouray	Colorado	
08	093	Park	Colorado	
08	095	Phillips	Colorado	
08	097	Pitkin	Colorado	
08	099	Prowers	Colorado	
08	101	Pueblo	Colorado	
08	103	Rio Blanco	Colorado	
08	105	Rio Grande	Colorado	
08	107	Routt	Colorado	
08	109	Saguache	Colorado	
08	111	San Juan	Colorado	
08	113	San Miguel	Colorado	
08	115	Sedgwick	Colorado	
08	117	Summit	Colorado	
08	119	Teller	Colorado	
08	121	Washington	Colorado	
08	123	Weld	Colorado	
08	125	Yuma	Colorado	
09	001	Fairfield	Connecticut	
09	003	Hartford	Connecticut	
09	005	Litchfield	Connecticut	
09	007	Middlesex	Connecticut	
09	009	New Haven	Connecticut	
09	011	New London	Connecticut	
09	013	Tolland	Connecticut	
09	015	Windham	Connecticut	
10	001	Kent	Delaware	
10	003	New Castle	Delaware	
10	005	Sussex	Delaware	
11	001	District of Columbia	District of Columbia	
12	001	Alachua	Florida	
12	003	Baker	Florida	
12	005	Bay	Florida	
12	007	Bradford	Florida	
12	009	Brevard	Florida	
12	011	Broward	Florida	
12	013	Calhoun	Florida	
12	015	Charlotte	Florida	
12	017	Citrus	Florida	
12	019	Clay	Florida	
12	021	Collier	Florida	
12	023	Columbia	Florida	
12	027	DeSoto	Florida	
12	029	Dixie	Florida	
12	031	Duval	Florida	
12	033	Escambia	Florida	
12	035	Flagler	Florida	
12	037	Franklin	Florida	
12	039	Gadsden	Florida	
12	041	Gilchrist	Florida	
12	043	Glades	Florida	
12	045	Gulf	Florida	
12	047	Hamilton	Florida	
12	049	Hardee	Florida	
12	051	Hendry	Florida	
12	053	Hernando	Florida	
12	055	Highlands	Florida	
12	057	Hillsborough	Florida	
12	059	Holmes	Florida	
12	061	Indian River	Florida	
12	063	Jackson	Florida	
12	065	Jefferson	Florida	
12	067	Lafayette	Florida	
12	069	Lake	Florida	
12	071	Lee	Florida	
12	073	Leon	Florida	
12	075	Levy	Florida	
12	077	Liberty	Florida	
12	079	Madison	Florida	
12	081	Manatee	Florida	
12	083	Marion	Florida	
12	085	Martin	Florida	
12	086	Miami-Dade	Florida	
12	087	Monroe	Florida	
12	089	Nassau	Florida	
12	091	Okaloosa	Florida	
12	093	Okeechobee	Florida	
12	095	Orange	Florida	
12	097	Osceola	Florida	
12	099	Palm Beach	Florida	
12	101	Pasco	Florida	
12	103	Pinellas	Florida	
12	105	Polk	Florida	
12	107	Putnam	Florida	
12	109	St. Johns	Florida	
12	111	St. Lucie	Florida	
12	113	Santa Rosa	Florida	
12	115	Sarasota	Florida	
12	117	Seminole	Florida	
12	119	Sumter	Florida	
12	121	Suwannee	Florida	
12	123	Taylor	Florida	
12	125	Union	Florida	
12	127	Volusia	Florida	
12	129	Wakulla	Florida	
12	131	Walton	Florida	
12	133	Washington	Florida	
13	001	Appling	Georgia	
13	003	Atkinson	Georgia	
13	005	Bacon	Georgia	
13	007	Baker	Georgia	
13	009	Baldwin	Georgia	
13	011	Banks	Georgia	
13	013	Barrow	Georgia	
13	015	Bartow	Georgia	
13	017	Ben Hill	Georgia	
13	019	Berrien	Georgia	
13	021	Bibb	Georgia	
13	023	Bleckley	Georgia	
13	025	Brantley	Georgia	
13	027	Brooks	Georgia	
13	029	Bryan	Georgia	
13	031	Bulloch	Georgia	
13	033	Burke	Georgia	
13	035	Butts	Georgia	
13	037	Calhoun	Georgia	
13	039	Camden	Georgia	
13	043	Candler	Georgia	
13	045	Carroll	Georgia	
13	047	Catoosa	Georgia	
13	049	Charlton	Georgia	
13	051	Chatham	Georgia	
13	053	Chattahoochee	Georgia	
13	055	Chattooga	Georgia	
13	057	Cherokee	Georgia	
13	059	Clarke	Georgia	
13	061	Clay	Georgia	
13	063	Clayton	Georgia	
13	065	Clinch	Georgia	
13	067	Cobb	Georgia	
13	069	Coffee	Georgia	
13	071	Colquitt	Georgia	
13	073	Columbia	Georgia	
13	075	Cook	Georgia	
13	077	Coweta	Georgia	
13	079	Crawford	Georgia	
13	081	Crisp	Georgia	
13	083	Dade	Georgia	
13	085	Dawson	Georgia	
13	087	Decatur	Georgia	
13	089	DeKalb	Georgia	
13	091	Dodge	Georgia	
13	093	Dooly	Georgia	
13	095	Dougherty	Georgia	
13	097	Douglas	Georgia	
13	099	Early	Georgia	
13	101	Echols	Georgia	
13	103	Effingham	Georgia	
13	105	Elbert	Georgia	
13	107	Emanuel	Georgia	
13	109	Evans	Georgia	
13	111	Fannin	Georgia	
13	113	Fayette	Georgia	
13	115	Floyd	Georgia	
13	117	Forsyth	Georgia	
13	119	Franklin	Georgia	
13	121	Fulton	Georgia	
13	123	Gilmer	Georgia	
13	125	Glascock	Georgia	
13	127	Glynn	Georgia	
13	129	Gordon	Georgia	
13	131	Grady	Georgia	
13	133	Greene	Georgia	
13	135	Gwinnett	Georgia	
13	137	Habersham	Georgia	
13	139	Hall	Georgia	
13	141	Hancock	Georgia	
13	143	Haralson	Georgia	
13	145	Harris	Georgia	
13	147	Hart	Georgia	
13	149	Heard	Georgia	
13	151	Henry	Georgia	
13	153	Houston	Georgia	
13	155	Irwin	Georgia	
13	157	Jackson	Georgia	
13	159	Jasper	Georgia	
13	161	Jeff Davis	Georgia	
13	163	Jefferson	Georgia	
13	165	Jenkins	Georgia	
13	167	Johnson	Georgia	
13	169	Jones	Georgia	
13	171	Lamar	Georgia	
13	173	Lanier	Georgia	
13	175	Laurens	Georgia	
13	177	Lee	Georgia	
13	179	Liberty	Georgia	
13	181	Lincoln	Georgia	
13	183	Long	Georgia	
13	185	Lowndes	Georgia	
13	187	Lumpkin	Georgia	
13	189	McDuffie	Georgia	
13	191	McIntosh	Georgia	
13	193	Macon	Georgia	
13	195	Madison	Georgia	
13	197	Marion	Georgia	
13	199	Meriwether	Georgia	
13	201	Miller	Georgia	
13	205	Mitchell	Georgia	
13	207	Monroe	Georgia	
13	209	Montgomery	Georgia	
13	211	Morgan	Georgia	
13	213	Murray	Georgia	
13	215	Muscogee	Georgia	
13	217	Newton	Georgia	
13	219	Oconee	Georgia	
13	221	Oglethorpe	Georgia	
13	223	Paulding	Georgia	
13	225	Peach	Georgia	
13	227	Pickens	Georgia	
13	229	Pierce	Georgia	
13	231	Pike	Georgia	
13	233	Polk	Georgia	
13	235	Pulaski	Georgia	
13	237	Putnam	Georgia	
13	239	Quitman	Georgia	
13	241	Rabun	Georgia	
13	243	Randolph	Georgia	
13	245	Richmond	Georgia	
13	247	Rockdale	Georgia	
13	249	Schley	Georgia	
13	251	Screven	Georgia	
13	253	Seminole	Georgia	
13	255	Spalding	Georgia	
13	257	Stephens	Georgia	
13	259	Stewart	Georgia	
13	261	Sumter	Georgia	
13	263	Talbot	Georgia	
13	265	Taliaferro	Georgia	
13	267	Tattnall	Georgia	
13	269	Taylor	Georgia	
13	271	Telfair	Georgia	
13	273	Terrell	Georgia	
13	275	Thomas	Georgia	
13	277	Tift	Georgia	
13	279	Toombs	Georgia	
13	281	Towns	Georgia	
13	283	Treutlen	Georgia	
13	285	Troup	Georgia	
13	287	Turner	Georgia	
13	289	Twiggs	Georgia	
13	291	Union	Georgia	
13	293	Upson	Georgia	
13	295	Walker	Georgia	
13	297	Walton	Georgia	
13	299	Ware	Georgia	
13	301	Warren	Georgia	
13	303	Washington	Georgia	
13	305	Wayne	Georgia	
13	307	Webster	Georgia	
13	309	Wheeler	Georgia	
13	311	White	Georgia	
13	313	Whitfield	Georgia	
13	315	Wilcox	Georgia	
13	317	Wilkes	Georgia	
13	319	Wilkinson	Georgia	
13	321	Worth	Georgia	
15	001	Hawaii	Hawaii	
15	003	Honolulu	Hawaii	
15	005	Kalawao	Hawaii	
15	007	Kauai	Hawaii	
15	009	Maui	Hawaii	
16	001	Ada	Idaho	
16	003	Adams	Idaho	
16	005	Bannock	Idaho	
16	007	Bear Lake	Idaho	
16	009	Benewah	Idaho	
16	011	Bingham	Idaho	
16	013	Blaine	Idaho	
16	015	Boise	Idaho	
16	017	Bonner	Idaho	
16	019	Bonneville	Idaho	
16	021	Boundary	Idaho	
16	023	Butte	Idaho	
16	025	Camas	Idaho	
16	027	Canyon	Idaho	
16	029	Caribou	Idaho	
16	031	Cassia	Idaho	
16	033	Clark	Idaho	
16	035	Clearwater	Idaho	
16	037	Custer	Idaho	
16	039	Elmore	Idaho	
16	041	Franklin	Idaho	
16	043	Fremont	Idaho	
16	045	Gem	Idaho	
16	047	Gooding	Idaho	
16	049	Idaho	Idaho	
16	051	Jefferson	Idaho	
16	053	Jerome	Idaho	
16	055	Kootenai	Idaho	
16	057	Latah	Idaho	
16	059	Lemhi	Idaho	
16	061	Lewis	Idaho	
16	063	Lincoln	Idaho	
16	065	Madison	Idaho	
16	067	Minidoka	Idaho	
16	069	Nez Perce	Idaho	
16	071	Oneida	Idaho	
16	073	Owyhee	Idaho	
16	075	Payette	Idaho	
16	077	Power	Idaho	
16	079	Shoshone	Idaho	
16	081	Teton	Idaho	
16	083	Twin Falls	Idaho	
16	085	Valley	Idaho	
16	087	Washington	Idaho	
17	001	Adams	Illinois	
17	003	Alexander	Illinois	
17	005	Bond	Illinois	
17	007	Boone	Illinois	
17	009	Brown	Illinois	
17	011	Bureau	Illinois	
17	013	Calhoun	Illinois	
17	015	Carroll	Illinois	
17	017	Cass	Illinois	
17	019	Champaign	Illinois	
17	021	Christian	Illinois	
17	023	Clark	Illinois	
17	025	Clay	Illinois	
17	027	Clinton	Illinois	
17	029	Coles	Illinois	
17	031	Cook	Illinois	
17	033	Crawford	Illinois	
17	035	Cumberland	Illinois	
17	037	DeKalb	Illinois	
17	039	De Witt	Illinois	
17	041	Douglas	Illinois	
17	043	DuPage	Illinois	
17	045	Edgar	Illinois	
17	047	Edwards	Illinois	
17	049	Effingham	Illinois	
17	051	Fayette	Illinois	
17	053	Ford	Illinois	
17	055	Franklin	Illinois	
17	057	Fulton	Illinois	
17	059	Gallatin	Illinois	
17	061	Greene	Illinois	
17	063	Grundy	Illinois	
17	065	Hamilton	Illinois	
17	067	Hancock	Illinois	
17	069	Hardin	Illinois	
17	071	Henderson	Illinois	
17	073	Henry	Illinois	
17	075	Iroquois	Illinois	
17	077	Jackson	Illinois	
17	079	Jasper	Illinois	
17	081	Jefferson	Illinois	
17	083	Jersey	Illinois	
17	085	Jo Daviess	Illinois	
17	087	Johnson	Illinois	
17	089	Kane	Illinois	
17	091	Kankakee	Illinois	
17	093	Kendall	Illinois	
17	095	Knox	Illinois	
17	097	Lake	Illinois	
17	099	LaSalle	Illinois	
17	101	Lawrence	Illinois	
17	103	Lee	Illinois	
17	105	Livingston	Illinois	
17	107	Logan	Illinois	
17	109	McDonough	Illinois	
17	111	McHenry	Illinois	
17	113	McLean	Illinois	
17	115	Macon	Illinois	
17	117	Macoupin	Illinois	
17	119	Madison	Illinois	
17	121	Marion	Illinois	
17	123	Marshall	Illinois	
17	125	Mason	Illinois	
17	127	Massac	Illinois	
17	129	Menard	Illinois	
17	131	Mercer	Illinois	
17	133	Monroe	Illinois	
17	135	Montgomery	Illinois	
17	137	Morgan	Illinois	
17	139	Moultrie	Illinois	
17	141	Ogle	Illinois	
17	143	Peoria	Illinois	
17	145	Perry	Illinois	
17	147	Piatt	Illinois	
17	149	Pike	Illinois	
17	151	Pope	Illinois	
17	153	Pulaski	Illinois	
17	155	Putnam	Illinois	
17	157	Randolph	Illinois	
17	159	Richland	Illinois	
17	161	Rock Island	Illinois	
17	163	St. Clair	Illinois	
17	165	Saline	Illinois	
17	167	Sangamon	Illinois	
17	169	Schuyler	Illinois	
17	171	Scott	Illinois	
17	173	Shelby	Illinois	
17	175	Stark	Illinois	
17	177	Stephenson	Illinois	
17	179	Tazewell	Illinois	
17	181	Union	Illinois	
17	183	Vermilion	Illinois	
17	185	Wabash	Illinois	
17	187	Warren	Illinois	
17	189	Washington	Illinois	
17	191	Wayne	Illinois	
17	193	White	Illinois	
17	195	Whiteside	Illinois	
17	197	Will	Illinois	
17	199	Williamson	Illinois	
17	201	Winnebago	Illinois	
17	203	Woodford	Illinois	
18	001	Adams	Indiana	
18	003	Allen	Indiana	
18	005	Bartholomew	Indiana	
18	007	Benton	Indiana	
18	009	Blackford	Indiana	
18	011	Boone	Indiana	
18	013	Brown	Indiana	
18	015	Carroll	Indiana	
18	017	Cass	Indiana	
18	019	Clark	Indiana	
18	021	Clay	Indiana	
18	023	Clinton	Indiana	
18	025	Crawford	Indiana	
18	027	Daviess	Indiana	
18	029	Dearborn	Indiana	
18	031	Decatur	Indiana	
18	033	DeKalb	Indiana	
18	035	Delaware	Indiana	
18	037	Dubois	Indiana	
18	039	Elkhart	Indiana	
18	041	Fayette	Indiana	
18	043	Floyd	Indiana	
18	045	Fountain	Indiana	
18	047	Franklin	Indiana	
18	049	Fulton	Indiana	
18	051	Gibson	Indiana	
18	053	Grant	Indiana	
18	055	Greene	Indiana	
18	057	Hamilton	Indiana	
18	059	Hancock	Indiana	
18	061	Harrison	Indiana	
18	063	Hendricks	Indiana	
18	065	Henry	Indiana	
18	067	Howard	Indiana	
18	069	Huntington	Indiana	
18	071	Jackson	Indiana	
18	073	Jasper	Indiana	
18	075	Jay	Indiana	
18	077	Jefferson	Indiana	
18	079	Jennings	Indiana	
18	081	Johnson	Indiana	
18	083	Knox	Indiana	
18	085	Kosciusko	Indiana	
18	087	LaGrange	Indiana	
18	089	Lake	Indiana	
18	091	LaPorte	Indiana	
18	093	Lawrence	Indiana	
18	095	Madison	Indiana	
18	097	Marion	Indiana	
18	099	Marshall	Indiana	
18	101	Martin	Indiana	
18	103	Miami	Indiana	
18	105	Monroe	Indiana	
18	107	Montgomery	Indiana	
18	109	Morgan	Indiana	
18	111	Newton	Indiana	
18	113	Noble	Indiana	
18	115	Ohio	Indiana	
18	117	Orange	Indiana	
18	119	Owen	Indiana	
18	121	Parke	Indiana	
18	123	Perry	Indiana	
18	125	Pike	Indiana	
18	127	Porter	Indiana	
18	129	Posey	Indiana	
18	131	Pulaski	Indiana	
18	133	Putnam	Indiana	
18	135	Randolph	Indiana	
18	137	Ripley	Indiana	
18	139	Rush	Indiana	
18	141	St. Joseph	Indiana	
18	143	Scott	Indiana	
18	145	Shelby	Indiana	
18	147	Spencer	Indiana	
18	149	Starke	Indiana	
18	151	Steuben	Indiana	
18	153	Sullivan	Indiana	
18	155	Switzerland	Indiana	
18	157	Tippecanoe	Indiana	
18	159	Tipton	Indiana	
18	161	Union	Indiana	
18	163	Vanderburgh	Indiana	
18	165	Vermillion	Indiana	
18	167	Vigo	Indiana	
18	169	Wabash	Indiana	
18	171	Warren	Indiana	
18	173	Warrick	Indiana	
18	175	Washington	Indiana	
18	177	Wayne	Indiana	
18	179	Wells	Indiana	
18	181	White	Indiana	
18	183	Whitley	Indiana	
19	001	Adair	Iowa	
19	003	Adams	Iowa	
19	005	Allamakee	Iowa	
19	007	Appanoose	Iowa	
19	009	Audubon	Iowa	
19	011	Benton	Iowa	
19	013	Black Hawk	Iowa	
19	015	Boone	Iowa	
19	017	Bremer	Iowa	
19	019	Buchanan	Iowa	
19	021	Buena Vista	Iowa	
19	023	Butler	Iowa	
19	025	Calhoun	Iowa	
19	027	Carroll	Iowa	
19	029	Cass	Iowa	
19	031	Cedar	Iowa	
19	033	Cerro Gordo	Iowa	
19	035	Cherokee	Iowa	
19	037	Chickasaw	Iowa	
19	039	Clarke	Iowa	
19	041	Clay	Iowa	
19	043	Clayton	Iowa	
19	045	Clinton	Iowa	
19	047	Crawford	Iowa	
19	049	Dallas	Iowa	
19	051	Davis	Iowa	
19	053	Decatur	Iowa	
19	055	Delaware	Iowa	
19	057	Des Moines	Iowa	
19	059	Dickinson	Iowa	
19	061	Dubuque	Iowa	
19	063	Emmet	Iowa	
19	065	Fayette	Iowa	
19	067	Floyd	Iowa	
19	069	Franklin	Iowa	
19	071	Fremont	Iowa	
19	073	Greene	Iowa	
19	075	Grundy	Iowa	
19	077	Guthrie	Iowa	
19	079	Hamilton	Iowa	
19	081	Hancock	Iowa	
19	083	Hardin	Iowa	
19	085	Harrison	Iowa	
19	087	Henry	Iowa	
19	089	Howard	Iowa	
19	091	Humboldt	Iowa	
19	093	Ida	Iowa	
19	095	Iowa	Iowa	
19	097	Jackson	Iowa	
19	099	Jasper	Iowa	
19	101	Jefferson	Iowa	
19	103	Johnson	Iowa	
19	105	Jones	Iowa	
19	107	Keokuk	Iowa	
19	109	Kossuth	Iowa	
19	111	Lee	Iowa	
19	113	Linn	Iowa	
19	115	Louisa	Iowa	
19	117	Lucas	Iowa	
19	119	Lyon	Iowa	
19	121	Madison	Iowa	
19	123	Mahaska	Iowa	
19	125	Marion	Iowa	
19	127	Marshall	Iowa	
19	129	Mills	Iowa	
19	131	Mitchell	Iowa	
19	133	Monona	Iowa	
19	135	Monroe	Iowa	
19	137	Montgomery	Iowa	
19	139	Muscatine	Iowa	
19	141	O'Brien	Iowa	
19	143	Osceola	Iowa	
19	145	Page	Iowa	
19	147	Palo Alto	Iowa	
19	149	Plymouth	Iowa	
19	151	Pocahontas	Iowa	
19	153	Polk	Iowa	
19	155	Pottawattamie	Iowa	
19	157	Poweshiek	Iowa	
19	159	Ringgold	Iowa	
19	161	Sac	Iowa	
19	163	Scott	Iowa	
19	165	Shelby	Iowa	
19	167	Sioux	Iowa	
19	169	Story	Iowa	
19	171	Tama	Iowa	
19	173	Taylor	Iowa	
19	175	Union	Iowa	
19	177	Van Buren	Iowa	
19	179	Wapello	Iowa	
19	181	Warren	Iowa	
19	183	Washington	Iowa	
19	185	Wayne	Iowa	
19	187	Webster	Iowa	
19	189	Winnebago	Iowa	
19	191	Winneshiek	Iowa	
19	193	Woodbury	Iowa	
19	195	Worth	Iowa	
19	197	Wright	Iowa	
20	001	Allen	Kansas	
20	003	Anderson	Kansas	
20	005	Atchison	Kansas	
20	007	Barber	Kansas	
20	009	Barton	Kansas	
20	011	Bourbon	Kansas	
20	013	Brown	Kansas	
20	015	Butler	Kansas	
20	017	Chase	Kansas	
20	019	Chautauqua	Kansas	
20	021	Cherokee	Kansas	
20	023	Cheyenne	Kansas	
20	025	Clark	Kansas	
20	027	Clay	Kansas	
20	029	Cloud	Kansas	
20	031	Coffey	Kansas	
20	033	Comanche	Kansas	
20	035	Cowley	Kansas	
20	037	Crawford	Kansas	
20	039	Decatur	Kansas	
20	041	Dickinson	Kansas	
20	043	Doniphan	Kansas	
20	045	Douglas	Kansas	
20	047	Edwards	Kansas	
20	049	Elk	Kansas	
20	051	Ellis	Kansas	
20	053	Ellsworth	Kansas	
20	055	Finney	Kansas	
20	057	Ford	Kansas	
20	059	Franklin	Kansas	
20	061	Geary	Kansas	
20	063	Gove	Kansas	
20	065	Graham	Kansas	
20	067	Grant	Kansas	
20	069	Gray	Kansas	
20	071	Greeley	Kansas	
20	073	Greenwood	Kansas	
20	075	Hamilton	Kansas	
20	077	Harper	Kansas	
20	079	Harvey	Kansas	
20	081	Haskell	Kansas	
20	083	Hodgeman	Kansas	
20	085	Jackson	Kansas	
20	087	Jefferson	Kansas	
20	089	Jewell	Kansas	
20	091	Johnson	Kansas	
20	093	Kearny	Kansas	
20	095	Kingman	Kansas	
20	097	Kiowa	Kansas	
20	099	Labette	Kansas	
20	101	Lane	Kansas	
20	103	Leavenworth	Kansas	
20	105	Lincoln	Kansas	
20	107	Linn	Kansas	
20	109	Logan	Kansas	
20	111	Lyon	Kansas	
20	113	McPherson	Kansas	
20	115	Marion	Kansas	
20	117	Marshall	Kansas	
20	119	Meade	Kansas	
20	121	Miami	Kansas	
20	123	Mitchell	Kansas	
20	125	Montgomery	Kansas	
20	127	Morris	Kansas	
20	129	Morton	Kansas	
20	131	Nemaha	Kansas	
20	133	Neosho	Kansas	
20	135	Ness	Kansas	
20	137	Norton	Kansas	
20	139	Osage	Kansas	
20	141	Osborne	Kansas	
20	143	Ottawa	Kansas	
20	145	Pawnee	Kansas	
20	147	Phillips	Kansas	
20	149	Pottawatomie	Kansas	
20	151	Pratt	Kansas	
20	153	Rawlins	Kansas	
20	155	Reno	Kansas	
20	157	Republic	Kansas	
20	159	Rice	Kansas	
20	161	Riley	Kansas	
20	163	Rooks	Kansas	
20	165	Rush	Kansas	
20	167	Russell	Kansas	
20	169	Saline	Kansas	
20	171	Scott	Kansas	
20	173	Sedgwick	Kansas	
20	175	Seward	Kansas	
20	177	Shawnee	Kansas	
20	179	Sheridan	Kansas	
20	181	Sherman	Kansas	
20	183	Smith	Kansas	
20	185	Stafford	Kansas	
20	187	Stanton	Kansas	
20	189	Stevens	Kansas	
20	191	Sumner	Kansas	
20	193	Thomas	Kansas	
20	195	Trego	Kansas	
20	197	Wabaunsee	Kansas	
20	199	Wallace	Kansas	
20	201	Washington	Kansas	
20	203	Wichita	Kansas	
20	205	Wilson	Kansas	
20	207	Woodson	Kansas	
20	209	Wyandotte	Kansas	
21	001	Adair	Kentucky	
21	003	Allen	Kentucky	
21	005	Anderson	Kentucky	
21	007	Ballard	Kentucky	
21	009	Barren	Kentucky	
21	011	Bath	Kentucky	
21	013	Bell	Kentucky	
21	015	Boone	Kentucky	
21	017	Bourbon	Kentucky	
21	019	Boyd	Kentucky	
21	021	Boyle	Kentucky	
21	023	Bracken	Kentucky	
21	025	Breathitt	Kentucky	
21	027	Breckinridge	Kentucky	
21	029	Bullitt	Kentucky	
21	031	Butler	Kentucky	
21	033	Caldwell	Kentucky	
21	035	Calloway	Kentucky	
21	037	Campbell	Kentucky	
21	039	Carlisle	Kentucky	
21	041	Carroll	Kentucky	
21	043	Carter	Kentucky	
21	045	Casey	Kentucky	
21	047	Christian	Kentucky	
21	049	Clark	Kentucky	
21	051	Clay	Kentucky	
21	053	Clinton	Kentucky	
21	055	Crittenden	Kentucky	
21	057	Cumberland	Kentucky	
21	059	Daviess	Kentucky	
21	061	Edmonson	Kentucky	
21	063	Elliott	Kentucky	
21	065	Estill	Kentucky	
21	067	Fayette	Kentucky	
21	069	Fleming	Kentucky	
21	071	Floyd	Kentucky	
21	073	Franklin	Kentucky	
21	075	Fulton	Kentucky	
21	077	Gallatin	Kentucky	
21	079	Garrard	Kentucky	
21	081	Grant	Kentucky	
21	083	Graves	Kentucky	
21	085	Grayson	Kentucky	
21	087	Green	Kentucky	
21	089	Greenup	Kentucky	
21	091	Hancock	Kentucky	
21	093	Hardin	Kentucky	
21	095	Harlan	Kentucky	
21	097	Harrison	Kentucky	
21	099	Hart	Kentucky	
21	101	Henderson	Kentucky	
21	103	Henry	Kentucky	
21	105	Hickman	Kentucky	
21	107	Hopkins	Kentucky	
21	109	Jackson	Kentucky	
21	111	Jefferson	Kentucky	
21	113	Jessamine	Kentucky	
21	115	Johnson	Kentucky	
21	117	Kenton	Kentucky	
21	119	Knott	Kentucky	
21	121	Knox	Kentucky	
21	123	Larue	Kentucky	
21	125	Laurel	Kentucky	
21	127	Lawrence	Kentucky	
21	129	Lee	Kentucky	
21	131	Leslie	Kentucky	
21	133	Letcher	Kentucky	
21	135	Lewis	Kentucky	
21	137	Lincoln	Kentucky	
21	139	Livingston	Kentucky	
21	141	Logan	Kentucky	
21	143	Lyon	Kentucky	
21	145	McCracken	Kentucky	
21	147	McCreary	Kentucky	
21	149	McLean	Kentucky	
21	151	Madison	Kentucky	
21	153	Magoffin	Kentucky	
21	155	Marion	Kentucky	
21	157	Marshall	Kentucky	
21	159	Martin	Kentucky	
21	161	Mason	Kentucky	
21	163	Meade	Kentucky	
21	165	Menifee	Kentucky	
21	167	Mercer	Kentucky	
21	169	Metcalfe	Kentucky	
21	171	Monroe	Kentucky	
21	173	Montgomery	Kentucky	
21	175	Morgan	Kentucky	
21	177	Muhlenberg	Kentucky	
21	179	Nelson	Kentucky	
21	181	Nicholas	Kentucky	
21	183	Ohio	Kentucky	
21	185	Oldham	Kentucky	
21	187	Owen	Kentucky	
21	189	Owsley	Kentucky	
21	191	Pendleton	Kentucky	
21	193	Perry	Kentucky	
21	195	Pike	Kentucky	
21	197	Powell	Kentucky	
21	199	Pulaski	Kentucky	
21	201	Robertson	Kentucky	
21	203	Rockcastle	Kentucky	
21	205	Rowan	Kentucky	
21	207	Russell	Kentucky	
21	209	Scott	Kentucky	
21	211	Shelby	Kentucky	
21	213	Simpson	Kentucky	
21	215	Spencer	Kentucky	
21	217	Taylor	Kentucky	
21	219	Todd	Kentucky	
21	221	Trigg	Kentucky	
21	223	Trimble	Kentucky	
21	225	Union	Kentucky	
21	227	Warren	Kentucky	
21	229	Washington	Kentucky	
21	231	Wayne	Kentucky	
21	233	Webster	Kentucky	
21	235	Whitley	Kentucky	
21	237	Wolfe	Kentucky	
21	239	Woodford	Kentucky	
22	001	Acadia Parish	Louisiana	
22	003	Allen Parish	Louisiana	
22	005	Ascension Parish	Louisiana	
22	007	Assumption Parish	Louisiana	
22	009	Avoyelles Parish	Louisiana	
22	011	Beauregard Parish	Louisiana	
22	013	Bienville Parish	Louisiana	
22	015	Bossier Parish	Louisiana	
22	017	Caddo Parish	Louisiana	
22	019	Calcasieu Parish	Louisiana	
22	021	Caldwell Parish	Louisiana	
22	023	Cameron Parish	Louisiana	
22	025	Catahoula Parish	Louisiana	
22	027	Claiborne Parish	Louisiana	
22	029	Concordia Parish	Louisiana	
22	031	De Soto Parish	Louisiana	
22	033	East Baton Rouge Parish	Louisiana	
22	035	East Carroll Parish	Louisiana	
22	037	East Feliciana Parish	Louisiana	
22	039	Evangeline Parish	Louisiana	
22	041	Franklin Parish	Louisiana	
22	043	Grant Parish	Louisiana	
22	045	Iberia Parish	Louisiana	
22	047	Iberville Parish	Louisiana	
22	049	Jackson Parish	Louisiana	
22	051	Jefferson Parish	Louisiana	
22	053	Jefferson Davis Parish	Louisiana	
22	055	Lafayette Parish	Louisiana	
22	057	Lafourche Parish	Louisiana	
22	059	LaSalle Parish	Louisiana	
22	061	Lincoln Parish	Louisiana	
22	063	Livingston Parish	Louisiana	
22	065	Madison Parish	Louisiana	
22	067	Morehouse Parish	Louisiana	
22	069	Natchitoches Parish	Louisiana	
22	071	Orleans Parish	Louisiana	
22	073	Ouachita Parish	Louisiana	
22	075	Plaquemines Parish	Louisiana	
22	077	Pointe Coupee Parish	Louisiana	
22	079	Rapides Parish	Louisiana	
22	081	Red River Parish	Louisiana	
22	083	Richland Parish	Louisiana	
22	085	Sabine Parish	Louisiana	
22	087	St. Bernard Parish	Louisiana	
22	089	St. Charles Parish	Louisiana	
22	091	St. Helena Parish	Louisiana	
22	093	St. James Parish	Louisiana	
22	095	St. John the Baptist Parish	Louisiana	
22	097	St. Landry Parish	Louisiana	
22	099	St. Martin Parish	Louisiana	
22	101	St. Mary Parish	Louisiana	
22	103	St. Tammany Parish	Louisiana	
22	105	Tangipahoa Parish	Louisiana	
22	107	Tensas Parish	Louisiana	
22	109	Terrebonne Parish	Louisiana	
22	111	Union Parish	Louisiana	
22	113	Vermilion Parish	Louisiana	
22	115	Vernon Parish	Louisiana	
22	117	Washington Parish	Louisiana	
22	119	Webster Parish	Louisiana	
22	121	West Baton Rouge Parish	Louisiana	
22	123	West Carroll Parish	Louisiana	
22	125	West Feliciana Parish	Louisiana	
22	127	Winn Parish	Louisiana	
23	001	Androscoggin	Maine	
23	003	Aroostook	Maine	
23	005	Cumberland	Maine	
23	007	Franklin	Maine	
23	009	Hancock	Maine	
23	011	Kennebec	Maine	
23	013	Knox	Maine	
23	015	Lincoln	Maine	
23	017	Oxford	Maine	
23	019	Penobscot	Maine	
23	021	Piscataquis	Maine	
23	023	Sagadahoc	Maine	
23	025	Somerset	Maine	
23	027	Waldo	Maine	
23	029	Washington	Maine	
23	031	York	Maine	
24	001	Allegany	Maryland	
24	003	Anne Arundel	Maryland	
24	005	Baltimore	Maryland	
24	009	Calvert	Maryland	
24	011	Caroline	Maryland	
24	013	Carroll	Maryland	
24	015	Cecil	Maryland	
24	017	Charles	Maryland	
24	019	Dorchester	Maryland	
24	021	Frederick	Maryland	
24	023	Garrett	Maryland	
24	025	Harford	Maryland	
24	027	Howard	Maryland	
24	029	Kent	Maryland	
24	031	Montgomery	Maryland	
24	033	Prince George's	Maryland	
24	035	Queen Anne's	Maryland	
24	037	St. Mary's	Maryland	
24	039	Somerset	Maryland	
24	041	Talbot	Maryland	
24	043	Washington	Maryland	
24	045	Wicomico	Maryland	
24	047	Worcester	Maryland	
24	510	Baltimore city	Maryland	
25	001	Barnstable	Massachusetts	
25	003	Berkshire	Massachusetts	
25	005	Bristol	Massachusetts	
25	007	Dukes	Massachusetts	
25	009	Essex	Massachusetts	
25	011	Franklin	Massachusetts	
25	013	Hampden	Massachusetts	
25	015	Hampshire	Massachusetts	
25	017	Middlesex	Massachusetts	
25	019	Nantucket	Massachusetts	
25	021	Norfolk	Massachusetts	
25	023	Plymouth	Massachusetts	
25	025	Suffolk	Massachusetts	
25	027	Worcester	Massachusetts	
26	001	Alcona	Michigan	
26	003	Alger	Michigan	
26	005	Allegan	Michigan	
26	007	Alpena	Michigan	
26	009	Antrim	Michigan	
26	011	Arenac	Michigan	
26	013	Baraga	Michigan	
26	015	Barry	Michigan	
26	017	Bay	Michigan	
26	019	Benzie	Michigan	
26	021	Berrien	Michigan	
26	023	Branch	Michigan	
26	025	Calhoun	Michigan	
26	027	Cass	Michigan	
26	029	Charlevoix	Michigan	
26	031	Cheboygan	Michigan	
26	033	Chippewa	Michigan	
26	035	Clare	Michigan	
26	037	Clinton	Michigan	
26	039	Crawford	Michigan	
26	041	Delta	Michigan	
26	043	Dickinson	Michigan	
26	045	Eaton	Michigan	
26	047	Emmet	Michigan	
26	049	Genesee	Michigan	
26	051	Gladwin	Michigan	
26	053	Gogebic	Michigan	
26	055	Grand Traverse	Michigan	
26	057	Gratiot	Michigan	
26	059	Hillsdale	Michigan	
26	061	Houghton	Michigan	
26	063	Huron	Michigan	
26	065	Ingham	Michigan	
26	067	Ionia	Michigan	
26	069	Iosco	Michigan	
26	071	Iron	Michigan	
26	073	Isabella	Michigan	
26	075	Jackson	Michigan	
26	077	Kalamazoo	Michigan	
26	079	Kalkaska	Michigan	
26	081	Kent	Michigan	
26	083	Keweenaw	Michigan	
26	085	Lake	Michigan	
26	087	Lapeer	Michigan	
26	089	Leelanau	Michigan	
26	091	Lenawee	Michigan	
26	093	Livingston	Michigan	
26	095	Luce	Michigan	
26	097	Mackinac	Michigan	
26	099	Macomb	Michigan	
26	101	Manistee	Michigan	
26	103	Marquette	Michigan	
26	105	Mason	Michigan	
26	107	Mecosta	Michigan	
26	109	Menominee	Michigan	
26	111	Midland	Michigan	
26	113	Missaukee	Michigan	
26	115	Monroe	Michigan	
26	117	Montcalm	Michigan	
26	119	Montmorency	Michigan	
26	121	Muskegon	Michigan	
26	123	Newaygo	Michigan	
26	125	Oakland	Michigan	
26	127	Oceana	Michigan	
26	129	Ogemaw	Michigan	
26	131	Ontonagon	Michigan	
26	133	Osceola	Michigan	
26	135	Oscoda	Michigan	
26	137	Otsego	Michigan	
26	139	Ottawa	Michigan	
26	141	Presque Isle	Michigan	
26	143	Roscommon	Michigan	
26	145	Saginaw	Michigan	
26	147	St. Clair	Michigan	
26	149	St. Joseph	Michigan	
26	151	Sanilac	Michigan	
26	153	Schoolcraft	Michigan	
26	155	Shiawassee	Michigan	
26	157	Tuscola	Michigan	
26	159	Van Buren	Michigan	
26	161	Washtenaw	Michigan	
26	163	Wayne	Michigan	
26	165	Wexford	Michigan	
27	001	Aitkin	Minnesota	
27	003	Anoka	Minnesota	
27	005	Becker	Minnesota	
27	007	Beltrami	Minnesota	
27	009	Benton	Minnesota	
27	011	Big Stone	Minnesota	
27	013	Blue Earth	Minnesota	
27	015	Brown	Minnesota	
27	017	Carlton	Minnesota	
27	019	Carver	Minnesota	
27	021	Cass	Minnesota	
27	023	Chippewa	Minnesota	
27	025	Chisago	Minnesota	
27	027	Clay	Minnesota	
27	029	Clearwater	Minnesota	
27	031	Cook	Minnesota	
27	033	Cottonwood	Minnesota	
27	035	Crow Wing	Minnesota	
27	037	Dakota	Minnesota	
27	039	Dodge	Minnesota	
27	041	Douglas	Minnesota	
27	043	Faribault	Minnesota	
27	045	Fillmore	Minnesota	
27	047	Freeborn	Minnesota	
27	049	Goodhue	Minnesota	
27	051	Grant	Minnesota	
27	053	Hennepin	Minnesota	
27	055	Houston	Minnesota	
27	057	Hubbard	Minnesota	
27	059	Isanti	Minnesota	
27	061	Itasca	Minnesota	
27	063	Jackson	Minnesota	
27	065	Kanabec	Minnesota	
27	067	Kandiyohi	Minnesota	
27	069	Kittson	Minnesota	
27	071	Koochiching	Minnesota	
27	073	Lac qui Parle	Minnesota	
27	075	Lake	Minnesota	
27	077	Lake of the Woods	Minnesota	
27	079	Le Sueur	Minnesota	
27	081	Lincoln	Minnesota	
27	083	Lyon	Minnesota	
27	085	McLeod	Minnesota	
27	087	Mahnomen	Minnesota	
27	089	Marshall	Minnesota	
27	091	Martin	Minnesota	
27	093	Meeker	Minnesota	
27	095	Mille Lacs	Minnesota	
27	097	Morrison	Minnesota	
27	099	Mower	Minnesota	
27	101	Murray	Minnesota	
27	103	Nicollet	Minnesota	
27	105	Nobles	Minnesota	
27	107	Norman	Minnesota	
27	109	Olmsted	Minnesota	
27	111	Otter Tail	Minnesota	
27	113	Pennington	Minnesota	
27	115	Pine	Minnesota	
27	117	Pipestone	Minnesota	
27	119	Polk	Minnesota	
27	121	Pope	Minnesota	
27	123	Ramsey	Minnesota	
27	125	Red Lake	Minnesota	
27	127	Redwood	Minnesota	
27	129	Renville	Minnesota	
27	131	Rice	Minnesota	
27	133	Rock	Minnesota	
27	135	Roseau	Minnesota	
27	137	St. Louis	Minnesota	
27	139	Scott	Minnesota	
27	141	Sherburne	Minnesota	
27	143	Sibley	Minnesota	
27	145	Stearns	Minnesota	
27	147	Steele	Minnesota	
27	149	Stevens	Minnesota	
27	151	Swift	Minnesota	
27	153	Todd	Minnesota	
27	155	Traverse	Minnesota	
27	157	Wabasha	Minnesota	
27	159	Wadena	Minnesota	
27	161	Waseca	Minnesota	
27	163	Washington	Minnesota	
27	165	Watonwan	Minnesota	
27	167	Wilkin	Minnesota	
27	169	Winona	Minnesota	
27	171	Wright	Minnesota	
27	173	Yellow Medicine	Minnesota	
28	001	Adams	Mississippi	
28	003	Alcorn	Mississippi	
28	005	Amite	Mississippi	
28	007	Attala	Mississippi	
28	009	Benton	Mississippi	
28	011	Bolivar	Mississippi	
28	013	Calhoun	Mississippi	
28	015	Carroll	Mississippi	
28	017	Chickasaw	Mississippi	
28	019	Choctaw	Mississippi	
28	021	Claiborne	Mississippi	
28	023	Clarke	Mississippi	
28	025	Clay	Mississippi	
28	027	Coahoma	Mississippi	
28	029	Copiah	Mississippi	
28	031	Covington	Mississippi	
28	033	DeSoto	Mississippi	
28	035	Forrest	Mississippi	
28	037	Franklin	Mississippi	
28	039	George	Mississippi	
28	041	Greene	Mississippi	
28	043	Grenada	Mississippi	
28	045	Hancock	Mississippi	
28	047	Harrison	Mississippi	
28	049	Hinds	Mississippi	
28	051	Holmes	Mississippi	
28	053	Humphreys	Mississippi	
28	055	Issaquena	Mississippi	
28	057	Itawamba	Mississippi	
28	059	Jackson	Mississippi	
28	061	Jasper	Mississippi	
28	063	Jefferson	Mississippi	
28	065	Jefferson Davis	Mississippi	
28	067	Jones	Mississippi	
28	069	Kemper	Mississippi	
28	071	Lafayette	Mississippi	
28	073	Lamar	Mississippi	
28	075	Lauderdale	Mississippi	
28	077	Lawrence	Mississippi	
28	079	Leake	Mississippi	
28	081	Lee	Mississippi	
28	083	Leflore	Mississippi	
28	085	Lincoln	Mississippi	
28	087	Lowndes	Mississippi	
28	089	Madison	Mississippi	
28	091	Marion	Mississippi	
28	093	Marshall	Mississippi	
28	095	Monroe	Mississippi	
28	097	Montgomery	Mississippi	
28	099	Neshoba	Mississippi	
28	101	Newton	Mississippi	
28	103	Noxubee	Mississippi	
28	105	Oktibbeha	Mississippi	
28	107	Panola	Mississippi	
28	109	Pearl River	Mississippi	
28	111	Perry	Mississippi	
28	113	Pike	Mississippi	
28	115	Pontotoc	Mississippi	
28	117	Prentiss	Mississippi	
28	119	Quitman	Mississippi	
28	121	Rankin	Mississippi	
28	123	Scott	Mississippi	
28	125	Sharkey	Mississippi	
28	127	Simpson	Mississippi	
28	129	Smith	Mississippi	
28	131	Stone	Mississippi	
28	133	Sunflower	Mississippi	
28	135	Tallahatchie	Mississippi	
28	137	Tate	Mississippi	
28	139	Tippah	Mississippi	
28	141	Tishomingo	Mississippi	
28	143	Tunica	Mississippi	
28	145	Union	Mississippi	
28	147	Walthall	Mississippi	
28	149	Warren	Mississippi	
28	151	Washington	Mississippi	
28	153	Wayne	Mississippi	
28	155	Webster	Mississippi	
28	157	Wilkinson	Mississippi	
28	159	Winston	Mississippi	
28	161	Yalobusha	Mississippi	
28	163	Yazoo	Mississippi	
29	001	Adair	Missouri	
29	003	Andrew	Missouri	
29	005	Atchison	Missouri	
29	007	Audrain	Missouri	
29	009	Barry	Missouri	
29	011	Barton	Missouri	
29	013	Bates	Missouri	
29	015	Benton	Missouri	
29	017	Bollinger	Missouri	
29	019	Boone	Missouri	
29	021	Buchanan	Missouri	
29	023	Butler	Missouri	
29	025	Caldwell	Missouri	
29	027	Callaway	Missouri	
29	029	Camden	Missouri	
29	031	Cape Girardeau	Missouri	
29	033	Carroll	Missouri	
29	035	Carter	Missouri	
29	037	Cass	Missouri	
29	039	Cedar	Missouri	
29	041	Chariton	Missouri	
29	043	Christian	Missouri	
29	045	Clark	Missouri	
29	047	Clay	Missouri	
29	049	Clinton	Missouri	
29	051	Cole	Missouri	
29	053	Cooper	Missouri	
29	055	Crawford	Missouri	
29	057	Dade	Missouri	
29	059	Dallas	Missouri	
29	061	Daviess	Missouri	
29	063	DeKalb	Missouri	
29	065	Dent	Missouri	
29	067	Douglas	Missouri	
29	069	Dunklin	Missouri	
29	071	Franklin	Missouri	
29	073	Gasconade	Missouri	
29	075	Gentry	Missouri	
29	077	Greene	Missouri	
29	079	Grundy	Missouri	
29	081	Harrison	Missouri	
29	083	Henry	Missouri	
29	085	Hickory	Missouri	
29	087	Holt	Missouri	
29	089	Howard	Missouri	
29	091	Howell	Missouri	
29	093	Iron	Missouri	
29	095	Jackson	Missouri	
29	097	Jasper	Missouri	
29	099	Jefferson	Missouri	
29	101	Johnson	Missouri	
29	103	Knox	Missouri	
29	105	Laclede	Missouri	
29	107	Lafayette	Missouri	
29	109	Lawrence	Missouri	
29	111	Lewis	Missouri	
29	113	Lincoln	Missouri	
29	115	Linn	Missouri	
29	117	Livingston	Missouri	
29	119	McDonald	Missouri	
29	121	Macon	Missouri	
29	123	Madison	Missouri	
29	125	Maries	Missouri	
29	127	Marion	Missouri	
29	129	Mercer	Missouri	
29	131	Miller	Missouri	
29	133	Mississippi	Missouri	
29	135	Moniteau	Missouri	
29	137	Monroe	Missouri	
29	139	Montgomery	Missouri	
29	141	Morgan	Missouri	
29	143	New Madrid	Missouri	
29	145	Newton	Missouri	
29	147	Nodaway	Missouri	
29	149	Oregon	Missouri	
29	151	Osage	Missouri	
29	153	Ozark	Missouri	
29	155	Pemiscot	Missouri	
29	157	Perry	Missouri	
29	159	Pettis	Missouri	
29	161	Phelps	Missouri	
29	163	Pike	Missouri	
29	165	Platte	Missouri	
29	167	Polk	Missouri	
29	169	Pulaski	Missouri	
29	171	Putnam	Missouri	
29	173	Ralls	Missouri	
29	175	Randolph	Missouri	
29	177	Ray	Missouri	
29	179	Reynolds	Missouri	
29	181	Ripley	Missouri	
29	183	St. Charles	Missouri	
29	185	St. Clair	Missouri	
29	186	Ste. Genevieve	Missouri	
29	187	St. Francois	Missouri	
29	189	St. Louis	Missouri	
29	195	Saline	Missouri	
29	197	Schuyler	Missouri	
29	199	Scotland	Missouri	
29	201	Scott	Missouri	
29	203	Shannon	Missouri	
29	205	Shelby	Missouri	
29	207	Stoddard	Missouri	
29	209	Stone	Missouri	
29	211	Sullivan	Missouri	
29	213	Taney	Missouri	
29	215	Texas	Missouri	
29	217	Vernon	Missouri	
29	219	Warren	Missouri	
29	221	Washington	Missouri	
29	223	Wayne	Missouri	
29	225	Webster	Missouri	
29	227	Worth	Missouri	
29	229	Wright	Missouri	
29	510	St. Louis city	Missouri	
30	001	Beaverhead	Montana	
30	003	Big Horn	Montana	
30	005	Blaine	Montana	
30	007	Broadwater	Montana	
30	009	Carbon	Montana	
30	011	Carter	Montana	
30	013	Cascade	Montana	
30	015	Chouteau	Montana	
30	017	Custer	Montana	
30	019	Daniels	Montana	
30	021	Dawson	Montana	
30	023	Deer Lodge	Montana	
30	025	Fallon	Montana	
30	027	Fergus	Montana	
30	029	Flathead	Montana	
30	031	Gallatin	Montana	
30	033	Garfield	Montana	
30	035	Glacier	Montana	
30	037	Golden Valley	Montana	
30	039	Granite	Montana	
30	041	Hill	Montana	
30	043	Jefferson	Montana	
30	045	Judith Basin	Montana	
30	047	Lake	Montana	
30	049	Lewis and Clark	Montana	
30	051	Liberty	Montana	
30	053	Lincoln	Montana	
30	055	McCone	Montana	
30	057	Madison	Montana	
30	059	Meagher	Montana	
30	061	Mineral	Montana	
30	063	Missoula	Montana	
30	065	Musselshell	Montana	
30	067	Park	Montana	
30	069	Petroleum	Montana	
30	071	Phillips	Montana	
30	073	Pondera	Montana	
30	075	Powder River	Montana	
30	077	Powell	Montana	
30	079	Prairie	Montana	
30	081	Ravalli	Montana	
30	083	Richland	Montana	
30	085	Roosevelt	Montana	
30	087	Rosebud	Montana	
30	089	Sanders	Montana	
30	091	Sheridan	Montana	
30	093	Silver Bow	Montana	
30	095	Stillwater	Montana	
30	097	Sweet Grass	Montana	
30	099	Teton	Montana	
30	101	Toole	Montana	
30	103	Treasure	Montana	
30	105	Valley	Montana	
30	107	Wheatland	Montana	
30	109	Wibaux	Montana	
30	111	Yellowstone	Montana	
31	001	Adams	Nebraska	
31	003	Antelope	Nebraska	
31	005	Arthur	Nebraska	
31	007	Banner	Nebraska	
31	009	Blaine	Nebraska	
31	011	Boone	Nebraska	
31	013	Box Butte	Nebraska	
31	015	Boyd	Nebraska	
31	017	Brown	Nebraska	
31	019	Buffalo	Nebraska	
31	021	Burt	Nebraska	
31	023	Butler	Nebraska	
31	025	Cass	Nebraska	
31	027	Cedar	Nebraska	
31	029	Chase	Nebraska	
31	031	Cherry	Nebraska	
31	033	Cheyenne	Nebraska	
31	035	Clay	Nebraska	
31	037	Colfax	Nebraska	
31	039	Cuming	Nebraska	
31	041	Custer	Nebraska	
31	043	Dakota	Nebraska	
31	045	Dawes	Nebraska	
31	047	Dawson	Nebraska	
31	049	Deuel	Nebraska	
31	051	Dixon	Nebraska	
31	053	Dodge	Nebraska	
31	055	Douglas	Nebraska	
31	057	Dundy	Nebraska	
31	059	Fillmore	Nebraska	
31	061	Franklin	Nebraska	
31	063	Frontier	Nebraska	
31	065	Furnas	Nebraska	
31	067	Gage	Nebraska	
31	069	Garden	Nebraska	
31	071	Garfield	Nebraska	
31	073	Gosper	Nebraska	
31	075	Grant	Nebraska	
31	077	Greeley	Nebraska	
31	079	Hall	Nebraska	
31	081	Hamilton	Nebraska	
31	083	Harlan	Nebraska	
31	085	Hayes	Nebraska	
31	087	Hitchcock	Nebraska	
31	089	Holt	Nebraska	
31	091	Hooker	Nebraska	
31	093	Howard	Nebraska	
31	095	Jefferson	Nebraska	
31	097	Johnson	Nebraska	
31	099	Kearney	Nebraska	
31	101	Keith	Nebraska	
31	103	Keya Paha	Nebraska	
31	105	Kimball	Nebraska	
31	107	Knox	Nebraska	
31	109	Lancaster	Nebraska	
31	111	Lincoln	Nebraska	
31	113	Logan	Nebraska	
31	115	Loup	Nebraska	
31	117	McPherson	Nebraska	
31	119	Madison	Nebraska	
31	121	Merrick	Nebraska	
31	123	Morrill	Nebraska	
31	125	Nance	Nebraska	
31	127	Nemaha	Nebraska	
31	129	Nuckolls	Nebraska	
31	131	Otoe	Nebraska	
31	133	Pawnee	Nebraska	
31	135	Perkins	Nebraska	
31	137	Phelps	Nebraska	
31	139	Pierce	Nebraska	
31	141	Platte	Nebraska	
31	143	Polk	Nebraska	
31	145	Red Willow	Nebraska	
31	147	Richardson	Nebraska	
31	149	Rock	Nebraska	
31	151	Saline	Nebraska	
31	153	Sarpy	Nebraska	
31	155	Saunders	Nebraska	
31	157	Scotts Bluff	Nebraska	
31	159	Seward	Nebraska	
31	161	Sheridan	Nebraska	
31	163	Sherman	Nebraska	
31	165	Sioux	Nebraska	
31	167	Stanton	Nebraska	
31	169	Thayer	Nebraska	
31	171	Thomas	Nebraska	
31	173	Thurston	Nebraska	
31	175	Valley	Nebraska	
31	177	Washington	Nebraska	
31	179	Wayne	Nebraska	
31	181	Webster	Nebraska	
31	183	Wheeler	Nebraska	
31	185	York	Nebraska	
32	001	Churchill	Nevada	
32	003	Clark	Nevada	
32	005	Douglas	Nevada	
32	007	Elko	Nevada	
32	009	Esmeralda	Nevada	
32	011	Eureka	Nevada	
32	013	Humboldt	Nevada	
32	015	Lander	Nevada	
32	017	Lincoln	Nevada	
32	019	Lyon	Nevada	
32	021	Mineral	Nevada	
32	023	Nye	Nevada	
32	027	Pershing	Nevada	
32	029	Storey	Nevada	
32	031	Washoe	Nevada	
32	033	White Pine	Nevada	
32	510	Carson City	Nevada	
33	001	Belknap	New Hampshire	
33	003	Carroll	New Hampshire	
33	005	Cheshire	New Hampshire	
33	007	Coos	New Hampshire	
33	009	Grafton	New Hampshire	
33	011	Hillsborough	New Hampshire	
33	013	Merrimack	New Hampshire	
33	015	Rockingham	New Hampshire	
33	017	Strafford	New Hampshire	
33	019	Sullivan	New Hampshire	
34	001	Atlantic	New Jersey	
34	003	Bergen	New Jersey	
34	005	Burlington	New Jersey	
34	007	Camden	New Jersey	
34	009	Cape May	New Jersey	
34	011	Cumberland	New Jersey	
34	013	Essex	New Jersey	
34	015	Gloucester	New Jersey	
34	017	Hudson	New Jersey	
34	019	Hunterdon	New Jersey	
34	021	Mercer	New Jersey	
34	023	Middlesex	New Jersey	
34	025	Monmouth	New Jersey	
34	027	Morris	New Jersey	
34	029	Ocean	New Jersey	
34	031	Passaic	New Jersey	
34	033	Salem	New Jersey	
34	035	Somerset	New Jersey	
34	037	Sussex	New Jersey	
34	039	Union	New Jersey	
34	041	Warren	New Jersey	
35	001	Bernalillo	New Mexico	
35	003	Catron	New Mexico	
35	005	Chaves	New Mexico	
35	006	Cibola	New Mexico	
35	007	Colfax	New Mexico	
35	009	Curry	New Mexico	
35	011	De Baca	New Mexico	
35	013	DoÃ±a Ana	New Mexico	
35	015	Eddy	New Mexico	
35	017	Grant	New Mexico	
35	019	Guadalupe	New Mexico	
35	021	Harding	New Mexico	
35	023	Hidalgo	New Mexico	
35	025	Lea	New Mexico	
35	027	Lincoln	New Mexico	
35	028	Los Alamos	New Mexico	
35	029	Luna	New Mexico	
35	031	McKinley	New Mexico	
35	033	Mora	New Mexico	
35	035	Otero	New Mexico	
35	037	Quay	New Mexico	
35	039	Rio Arriba	New Mexico	
35	041	Roosevelt	New Mexico	
35	043	Sandoval	New Mexico	
35	045	San Juan	New Mexico	
35	047	San Miguel	New Mexico	
35	049	Santa Fe	New Mexico	
35	051	Sierra	New Mexico	
35	053	Socorro	New Mexico	
35	055	Taos	New Mexico	
35	057	Torrance	New Mexico	
35	059	Union	New Mexico	
35	061	Valencia	New Mexico	
36	001	Albany	New York	
36	003	Allegany	New York	
36	005	Bronx	New York	
36	007	Broome	New York	
36	009	Cattaraugus	New York	
36	011	Cayuga	New York	
36	013	Chautauqua	New York	
36	015	Chemung	New York	
36	017	Chenango	New York	
36	019	Clinton	New York	
36	021	Columbia	New York	
36	023	Cortland	New York	
36	025	Delaware	New York	
36	027	Dutchess	New York	
36	029	Erie	New York	
36	031	Essex	New York	
36	033	Franklin	New York	
36	035	Fulton	New York	
36	037	Genesee	New York	
36	039	Greene	New York	
36	041	Hamilton	New York	
36	043	Herkimer	New York	
36	045	Jefferson	New York	
36	047	Kings	New York	
36	049	Lewis	New York	
36	051	Livingston	New York	
36	053	Madison	New York	
36	055	Monroe	New York	
36	057	Montgomery	New York	
36	059	Nassau	New York	
36	061	New York	New York	
36	063	Niagara	New York	
36	065	Oneida	New York	
36	067	Onondaga	New York	
36	069	Ontario	New York	
36	071	Orange	New York	
36	073	Orleans	New York	
36	075	Oswego	New York	
36	077	Otsego	New York	
36	079	Putnam	New York	
36	081	Queens	New York	
36	083	Rensselaer	New York	
36	085	Richmond	New York	
36	087	Rockland	New York	
36	089	St. Lawrence	New York	
36	091	Saratoga	New York	
36	093	Schenectady	New York	
36	095	Schoharie	New York	
36	097	Schuyler	New York	
36	099	Seneca	New York	
36	101	Steuben	New York	
36	103	Suffolk	New York	
36	105	Sullivan	New York	
36	107	Tioga	New York	
36	109	Tompkins	New York	
36	111	Ulster	New York	
36	113	Warren	New York	
36	115	Washington	New York	
36	117	Wayne	New York	
36	119	Westchester	New York	
36	121	Wyoming	New York	
36	123	Yates	New York	
37	001	Alamance	North Carolina	
37	003	Alexander	North Carolina	
37	005	Alleghany	North Carolina	
37	007	Anson	North Carolina	
37	009	Ashe	North Carolina	
37	011	Avery	North Carolina	
37	013	Beaufort	North Carolina	
37	015	Bertie	North Carolina	
37	017	Bladen	North Carolina	
37	019	Brunswick	North Carolina	
37	021	Buncombe	North Carolina	
37	023	Burke	North Carolina	
37	025	Cabarrus	North Carolina	
37	027	Caldwell	North Carolina	
37	029	Camden	North Carolina	
37	031	Carteret	North Carolina	
37	033	Caswell	North Carolina	
37	035	Catawba	North Carolina	
37	037	Chatham	North Carolina	
37	039	Cherokee	North Carolina	
37	041	Chowan	North Carolina	
37	043	Clay	North Carolina	
37	045	Cleveland	North Carolina	
37	047	Columbus	North Carolina	
37	049	Craven	North Carolina	
37	051	Cumberland	North Carolina	
37	053	Currituck	North Carolina	
37	055	Dare	North Carolina	
37	057	Davidson	North Carolina	
37	059	Davie	North Carolina	
37	061	Duplin	North Carolina	
37	063	Durham	North Carolina	
37	065	Edgecombe	North Carolina	
37	067	Forsyth	North Carolina	
37	069	Franklin	North Carolina	
37	071	Gaston	North Carolina	
37	073	Gates	North Carolina	
37	075	Graham	North Carolina	
37	077	Granville	North Carolina	
37	079	Greene	North Carolina	
37	081	Guilford	North Carolina	
37	083	Halifax	North Carolina	
37	085	Harnett	North Carolina	
37	087	Haywood	North Carolina	
37	089	Henderson	North Carolina	
37	091	Hertford	North Carolina	
37	093	Hoke	North Carolina	
37	095	Hyde	North Carolina	
37	097	Iredell	North Carolina	
37	099	Jackson	North Carolina	
37	101	Johnston	North Carolina	
37	103	Jones	North Carolina	
37	105	Lee	North Carolina	
37	107	Lenoir	North Carolina	
37	109	Lincoln	North Carolina	
37	111	McDowell	North Carolina	
37	113	Macon	North Carolina	
37	115	Madison	North Carolina	
37	117	Martin	North Carolina	
37	119	Mecklenburg	North Carolina	
37	121	Mitchell	North Carolina	
37	123	Montgomery	North Carolina	
37	125	Moore	North Carolina	
37	127	Nash	North Carolina	
37	129	New Hanover	North Carolina	
37	131	Northampton	North Carolina	
37	133	Onslow	North Carolina	
37	135	Orange	North Carolina	
37	137	Pamlico	North Carolina	
37	139	Pasquotank	North Carolina	
37	141	Pender	North Carolina	
37	143	Perquimans	North Carolina	
37	145	Person	North Carolina	
37	147	Pitt	North Carolina	
37	149	Polk	North Carolina	
37	151	Randolph	North Carolina	
37	153	Richmond	North Carolina	
37	155	Robeson	North Carolina	
37	157	Rockingham	North Carolina	
37	159	Rowan	North Carolina	
37	161	Rutherford	North Carolina	
37	163	Sampson	North Carolina	
37	165	Scotland	North Carolina	
37	167	Stanly	North Carolina	
37	169	Stokes	North Carolina	
37	171	Surry	North Carolina	
37	173	Swain	North Carolina	
37	175	Transylvania	North Carolina	
37	177	Tyrrell	North Carolina	
37	179	Union	North Carolina	
37	181	Vance	North Carolina	
37	183	Wake	North Carolina	
37	185	Warren	North Carolina	
37	187	Washington	North Carolina	
37	189	Watauga	North Carolina	
37	191	Wayne	North Carolina	
37	193	Wilkes	North Carolina	
37	195	Wilson	North Carolina	
37	197	Yadkin	North Carolina	
37	199	Yancey	North Carolina	
38	001	Adams	North Dakota	
38	003	Barnes	North Dakota	
38	005	Benson	North Dakota	
38	007	Billings	North Dakota	
38	009	Bottineau	North Dakota	
38	011	Bowman	North Dakota	
38	013	Burke	North Dakota	
38	015	Burleigh	North Dakota	
38	017	Cass	North Dakota	
38	019	Cavalier	North Dakota	
38	021	Dickey	North Dakota	
38	023	Divide	North Dakota	
38	025	Dunn	North Dakota	
38	027	Eddy	North Dakota	
38	029	Emmons	North Dakota	
38	031	Foster	North Dakota	
38	033	Golden Valley	North Dakota	
38	035	Grand Forks	North Dakota	
38	037	Grant	North Dakota	
38	039	Griggs	North Dakota	
38	041	Hettinger	North Dakota	
38	043	Kidder	North Dakota	
38	045	LaMoure	North Dakota	
38	047	Logan	North Dakota	
38	049	McHenry	North Dakota	
38	051	McIntosh	North Dakota	
38	053	McKenzie	North Dakota	
38	055	McLean	North Dakota	
38	057	Mercer	North Dakota	
38	059	Morton	North Dakota	
38	061	Mountrail	North Dakota	
38	063	Nelson	North Dakota	
38	065	Oliver	North Dakota	
38	067	Pembina	North Dakota	
38	069	Pierce	North Dakota	
38	071	Ramsey	North Dakota	
38	073	Ransom	North Dakota	
38	075	Renville	North Dakota	
38	077	Richland	North Dakota	
38	079	Rolette	North Dakota	
38	081	Sargent	North Dakota	
38	083	Sheridan	North Dakota	
38	085	Sioux	North Dakota	
38	087	Slope	North Dakota	
38	089	Stark	North Dakota	
38	091	Steele	North Dakota	
38	093	Stutsman	North Dakota	
38	095	Towner	North Dakota	
38	097	Traill	North Dakota	
38	099	Walsh	North Dakota	
38	101	Ward	North Dakota	
38	103	Wells	North Dakota	
38	105	Williams	North Dakota	
39	001	Adams	Ohio	
39	003	Allen	Ohio	
39	005	Ashland	Ohio	
39	007	Ashtabula	Ohio	
39	009	Athens	Ohio	
39	011	Auglaize	Ohio	
39	013	Belmont	Ohio	
39	015	Brown	Ohio	
39	017	Butler	Ohio	
39	019	Carroll	Ohio	
39	021	Champaign	Ohio	
39	023	Clark	Ohio	
39	025	Clermont	Ohio	
39	027	Clinton	Ohio	
39	029	Columbiana	Ohio	
39	031	Coshocton	Ohio	
39	033	Crawford	Ohio	
39	035	Cuyahoga	Ohio	
39	037	Darke	Ohio	
39	039	Defiance	Ohio	
39	041	Delaware	Ohio	
39	043	Erie	Ohio	
39	045	Fairfield	Ohio	
39	047	Fayette	Ohio	
39	049	Franklin	Ohio	
39	051	Fulton	Ohio	
39	053	Gallia	Ohio	
39	055	Geauga	Ohio	
39	057	Greene	Ohio	
39	059	Guernsey	Ohio	
39	061	Hamilton	Ohio	
39	063	Hancock	Ohio	
39	065	Hardin	Ohio	
39	067	Harrison	Ohio	
39	069	Henry	Ohio	
39	071	Highland	Ohio	
39	073	Hocking	Ohio	
39	075	Holmes	Ohio	
39	077	Huron	Ohio	
39	079	Jackson	Ohio	
39	081	Jefferson	Ohio	
39	083	Knox	Ohio	
39	085	Lake	Ohio	
39	087	Lawrence	Ohio	
39	089	Licking	Ohio	
39	091	Logan	Ohio	
39	093	Lorain	Ohio	
39	095	Lucas	Ohio	
39	097	Madison	Ohio	
39	099	Mahoning	Ohio	
39	101	Marion	Ohio	
39	103	Medina	Ohio	
39	105	Meigs	Ohio	
39	107	Mercer	Ohio	
39	109	Miami	Ohio	
39	111	Monroe	Ohio	
39	113	Montgomery	Ohio	
39	115	Morgan	Ohio	
39	117	Morrow	Ohio	
39	119	Muskingum	Ohio	
39	121	Noble	Ohio	
39	123	Ottawa	Ohio	
39	125	Paulding	Ohio	
39	127	Perry	Ohio	
39	129	Pickaway	Ohio	
39	131	Pike	Ohio	
39	133	Portage	Ohio	
39	135	Preble	Ohio	
39	137	Putnam	Ohio	
39	139	Richland	Ohio	
39	141	Ross	Ohio	
39	143	Sandusky	Ohio	
39	145	Scioto	Ohio	
39	147	Seneca	Ohio	
39	149	Shelby	Ohio	
39	151	Stark	Ohio	
39	153	Summit	Ohio	
39	155	Trumbull	Ohio	
39	157	Tuscarawas	Ohio	
39	159	Union	Ohio	
39	161	Van Wert	Ohio	
39	163	Vinton	Ohio	
39	165	Warren	Ohio	
39	167	Washington	Ohio	
39	169	Wayne	Ohio	
39	171	Williams	Ohio	
39	173	Wood	Ohio	
39	175	Wyandot	Ohio	
40	001	Adair	Oklahoma	
40	003	Alfalfa	Oklahoma	
40	005	Atoka	Oklahoma	
40	007	Beaver	Oklahoma	
40	009	Beckham	Oklahoma	
40	011	Blaine	Oklahoma	
40	013	Bryan	Oklahoma	
40	015	Caddo	Oklahoma	
40	017	Canadian	Oklahoma	
40	019	Carter	Oklahoma	
40	021	Cherokee	Oklahoma	
40	023	Choctaw	Oklahoma	
40	025	Cimarron	Oklahoma	
40	027	Cleveland	Oklahoma	
40	029	Coal	Oklahoma	
40	031	Comanche	Oklahoma	
40	033	Cotton	Oklahoma	
40	035	Craig	Oklahoma	
40	037	Creek	Oklahoma	
40	039	Custer	Oklahoma	
40	041	Delaware	Oklahoma	
40	043	Dewey	Oklahoma	
40	045	Ellis	Oklahoma	
40	047	Garfield	Oklahoma	
40	049	Garvin	Oklahoma	
40	051	Grady	Oklahoma	
40	053	Grant	Oklahoma	
40	055	Greer	Oklahoma	
40	057	Harmon	Oklahoma	
40	059	Harper	Oklahoma	
40	061	Haskell	Oklahoma	
40	063	Hughes	Oklahoma	
40	065	Jackson	Oklahoma	
40	067	Jefferson	Oklahoma	
40	069	Johnston	Oklahoma	
40	071	Kay	Oklahoma	
40	073	Kingfisher	Oklahoma	
40	075	Kiowa	Oklahoma	
40	077	Latimer	Oklahoma	
40	079	Le Flore	Oklahoma	
40	081	Lincoln	Oklahoma	
40	083	Logan	Oklahoma	
40	085	Love	Oklahoma	
40	087	McClain	Oklahoma	
40	089	McCurtain	Oklahoma	
40	091	McIntosh	Oklahoma	
40	093	Major	Oklahoma	
40	095	Marshall	Oklahoma	
40	097	Mayes	Oklahoma	
40	099	Murray	Oklahoma	
40	101	Muskogee	Oklahoma	
40	103	Noble	Oklahoma	
40	105	Nowata	Oklahoma	
40	107	Okfuskee	Oklahoma	
40	109	Oklahoma	Oklahoma	
40	111	Okmulgee	Oklahoma	
40	113	Osage	Oklahoma	
40	115	Ottawa	Oklahoma	
40	117	Pawnee	Oklahoma	
40	119	Payne	Oklahoma	
40	121	Pittsburg	Oklahoma	
40	123	Pontotoc	Oklahoma	
40	125	Pottawatomie	Oklahoma	
40	127	Pushmataha	Oklahoma	
40	129	Roger Mills	Oklahoma	
40	131	Rogers	Oklahoma	
40	133	Seminole	Oklahoma	
40	135	Sequoyah	Oklahoma	
40	137	Stephens	Oklahoma	
40	139	Texas	Oklahoma	
40	141	Tillman	Oklahoma	
40	143	Tulsa	Oklahoma	
40	145	Wagoner	Oklahoma	
40	147	Washington	Oklahoma	
40	149	Washita	Oklahoma	
40	151	Woods	Oklahoma	
40	153	Woodward	Oklahoma	
41	001	Baker	Oregon	
41	003	Benton	Oregon	
41	005	Clackamas	Oregon	
41	007	Clatsop	Oregon	
41	009	Columbia	Oregon	
41	011	Coos	Oregon	
41	013	Crook	Oregon	
41	015	Curry	Oregon	
41	017	Deschutes	Oregon	
41	019	Douglas	Oregon	
41	021	Gilliam	Oregon	
41	023	Grant	Oregon	
41	025	Harney	Oregon	
41	027	Hood River	Oregon	
41	029	Jackson	Oregon	
41	031	Jefferson	Oregon	
41	033	Josephine	Oregon	
41	035	Klamath	Oregon	
41	037	Lake	Oregon	
41	039	Lane	Oregon	
41	041	Lincoln	Oregon	
41	043	Linn	Oregon	
41	045	Malheur	Oregon	
41	047	Marion	Oregon	
41	049	Morrow	Oregon	
41	051	Multnomah	Oregon	
41	053	Polk	Oregon	
41	055	Sherman	Oregon	
41	057	Tillamook	Oregon	
41	059	Umatilla	Oregon	
41	061	Union	Oregon	
41	063	Wallowa	Oregon	
41	065	Wasco	Oregon	
41	067	Washington	Oregon	
41	069	Wheeler	Oregon	
41	071	Yamhill	Oregon	
42	001	Adams	Pennsylvania	
42	003	Allegheny	Pennsylvania	
42	005	Armstrong	Pennsylvania	
42	007	Beaver	Pennsylvania	
42	009	Bedford	Pennsylvania	
42	011	Berks	Pennsylvania	
42	013	Blair	Pennsylvania	
42	015	Bradford	Pennsylvania	
42	017	Bucks	Pennsylvania	
42	019	Butler	Pennsylvania	
42	021	Cambria	Pennsylvania	
42	023	Cameron	Pennsylvania	
42	025	Carbon	Pennsylvania	
42	027	Centre	Pennsylvania	
42	029	Chester	Pennsylvania	
42	031	Clarion	Pennsylvania	
42	033	Clearfield	Pennsylvania	
42	035	Clinton	Pennsylvania	
42	037	Columbia	Pennsylvania	
42	039	Crawford	Pennsylvania	
42	041	Cumberland	Pennsylvania	
42	043	Dauphin	Pennsylvania	
42	045	Delaware	Pennsylvania	
42	047	Elk	Pennsylvania	
42	049	Erie	Pennsylvania	
42	051	Fayette	Pennsylvania	
42	053	Forest	Pennsylvania	
42	055	Franklin	Pennsylvania	
42	057	Fulton	Pennsylvania	
42	059	Greene	Pennsylvania	
42	061	Huntingdon	Pennsylvania	
42	063	Indiana	Pennsylvania	
42	065	Jefferson	Pennsylvania	
42	067	Juniata	Pennsylvania	
42	069	Lackawanna	Pennsylvania	
42	071	Lancaster	Pennsylvania	
42	073	Lawrence	Pennsylvania	
42	075	Lebanon	Pennsylvania	
42	077	Lehigh	Pennsylvania	
42	079	Luzerne	Pennsylvania	
42	081	Lycoming	Pennsylvania	
42	083	McKean	Pennsylvania	
42	085	Mercer	Pennsylvania	
42	087	Mifflin	Pennsylvania	
42	089	Monroe	Pennsylvania	
42	091	Montgomery	Pennsylvania	
42	093	Montour	Pennsylvania	
42	095	Northampton	Pennsylvania	
42	097	Northumberland	Pennsylvania	
42	099	Perry	Pennsylvania	
42	101	Philadelphia	Pennsylvania	
42	103	Pike	Pennsylvania	
42	105	Potter	Pennsylvania	
42	107	Schuylkill	Pennsylvania	
42	109	Snyder	Pennsylvania	
42	111	Somerset	Pennsylvania	
42	113	Sullivan	Pennsylvania	
42	115	Susquehanna	Pennsylvania	
42	117	Tioga	Pennsylvania	
42	119	Union	Pennsylvania	
42	121	Venango	Pennsylvania	
42	123	Warren	Pennsylvania	
42	125	Washington	Pennsylvania	
42	127	Wayne	Pennsylvania	
42	129	Westmoreland	Pennsylvania	
42	131	Wyoming	Pennsylvania	
42	133	York	Pennsylvania	
44	001	Bristol	Rhode Island	
44	003	Kent	Rhode Island	
44	005	Newport	Rhode Island	
44	007	Providence	Rhode Island	
44	009	Washington	Rhode Island	
45	001	Abbeville	South Carolina	
45	003	Aiken	South Carolina	
45	005	Allendale	South Carolina	
45	007	Anderson	South Carolina	
45	009	Bamberg	South Carolina	
45	011	Barnwell	South Carolina	
45	013	Beaufort	South Carolina	
45	015	Berkeley	South Carolina	
45	017	Calhoun	South Carolina	
45	019	Charleston	South Carolina	
45	021	Cherokee	South Carolina	
45	023	Chester	South Carolina	
45	025	Chesterfield	South Carolina	
45	027	Clarendon	South Carolina	
45	029	Colleton	South Carolina	
45	031	Darlington	South Carolina	
45	033	Dillon	South Carolina	
45	035	Dorchester	South Carolina	
45	037	Edgefield	South Carolina	
45	039	Fairfield	South Carolina	
45	041	Florence	South Carolina	
45	043	Georgetown	South Carolina	
45	045	Greenville	South Carolina	
45	047	Greenwood	South Carolina	
45	049	Hampton	South Carolina	
45	051	Horry	South Carolina	
45	053	Jasper	South Carolina	
45	055	Kershaw	South Carolina	
45	057	Lancaster	South Carolina	
45	059	Laurens	South Carolina	
45	061	Lee	South Carolina	
45	063	Lexington	South Carolina	
45	065	McCormick	South Carolina	
45	067	Marion	South Carolina	
45	069	Marlboro	South Carolina	
45	071	Newberry	South Carolina	
45	073	Oconee	South Carolina	
45	075	Orangeburg	South Carolina	
45	077	Pickens	South Carolina	
45	079	Richland	South Carolina	
45	081	Saluda	South Carolina	
45	083	Spartanburg	South Carolina	
45	085	Sumter	South Carolina	
45	087	Union	South Carolina	
45	089	Williamsburg	South Carolina	
45	091	York	South Carolina	
46	003	Aurora	South Dakota	
46	005	Beadle	South Dakota	
46	007	Bennett	South Dakota	
46	009	Bon Homme	South Dakota	
46	011	Brookings	South Dakota	
46	013	Brown	South Dakota	
46	015	Brule	South Dakota	
46	017	Buffalo	South Dakota	
46	019	Butte	South Dakota	
46	021	Campbell	South Dakota	
46	023	Charles Mix	South Dakota	
46	025	Clark	South Dakota	
46	027	Clay	South Dakota	
46	029	Codington	South Dakota	
46	031	Corson	South Dakota	
46	033	Custer	South Dakota	
46	035	Davison	South Dakota	
46	037	Day	South Dakota	
46	039	Deuel	South Dakota	
46	041	Dewey	South Dakota	
46	043	Douglas	South Dakota	
46	045	Edmunds	South Dakota	
46	047	Fall River	South Dakota	
46	049	Faulk	South Dakota	
46	051	Grant	South Dakota	
46	053	Gregory	South Dakota	
46	055	Haakon	South Dakota	
46	057	Hamlin	South Dakota	
46	059	Hand	South Dakota	
46	061	Hanson	South Dakota	
46	063	Harding	South Dakota	
46	065	Hughes	South Dakota	
46	067	Hutchinson	South Dakota	
46	069	Hyde	South Dakota	
46	071	Jackson	South Dakota	
46	073	Jerauld	South Dakota	
46	075	Jones	South Dakota	
46	077	Kingsbury	South Dakota	
46	079	Lake	South Dakota	
46	081	Lawrence	South Dakota	
46	083	Lincoln	South Dakota	
46	085	Lyman	South Dakota	
46	087	McCook	South Dakota	
46	089	McPherson	South Dakota	
46	091	Marshall	South Dakota	
46	093	Meade	South Dakota	
46	095	Mellette	South Dakota	
46	097	Miner	South Dakota	
46	099	Minnehaha	South Dakota	
46	101	Moody	South Dakota	
46	102	Oglala Lakota	South Dakota	
46	103	Pennington	South Dakota	
46	105	Perkins	South Dakota	
46	107	Potter	South Dakota	
46	109	Roberts	South Dakota	
46	111	Sanborn	South Dakota	
46	115	Spink	South Dakota	
46	117	Stanley	South Dakota	
46	119	Sully	South Dakota	
46	121	Todd	South Dakota	
46	123	Tripp	South Dakota	
46	125	Turner	South Dakota	
46	127	Union	South Dakota	
46	129	Walworth	South Dakota	
46	135	Yankton	South Dakota	
46	137	Ziebach	South Dakota	
47	001	Anderson	Tennessee	
47	003	Bedford	Tennessee	
47	005	Benton	Tennessee	
47	007	Bledsoe	Tennessee	
47	009	Blount	Tennessee	
47	011	Bradley	Tennessee	
47	013	Campbell	Tennessee	
47	015	Cannon	Tennessee	
47	017	Carroll	Tennessee	
47	019	Carter	Tennessee	
47	021	Cheatham	Tennessee	
47	023	Chester	Tennessee	
47	025	Claiborne	Tennessee	
47	027	Clay	Tennessee	
47	029	Cocke	Tennessee	
47	031	Coffee	Tennessee	
47	033	Crockett	Tennessee	
47	035	Cumberland	Tennessee	
47	037	Davidson	Tennessee	
47	039	Decatur	Tennessee	
47	041	DeKalb	Tennessee	
47	043	Dickson	Tennessee	
47	045	Dyer	Tennessee	
47	047	Fayette	Tennessee	
47	049	Fentress	Tennessee	
47	051	Franklin	Tennessee	
47	053	Gibson	Tennessee	
47	055	Giles	Tennessee	
47	057	Grainger	Tennessee	
47	059	Greene	Tennessee	
47	061	Grundy	Tennessee	
47	063	Hamblen	Tennessee	
47	065	Hamilton	Tennessee	
47	067	Hancock	Tennessee	
47	069	Hardeman	Tennessee	
47	071	Hardin	Tennessee	
47	073	Hawkins	Tennessee	
47	075	Haywood	Tennessee	
47	077	Henderson	Tennessee	
47	079	Henry	Tennessee	
47	081	Hickman	Tennessee	
47	083	Houston	Tennessee	
47	085	Humphreys	Tennessee	
47	087	Jackson	Tennessee	
47	089	Jefferson	Tennessee	
47	091	Johnson	Tennessee	
47	093	Knox	Tennessee	
47	095	Lake	Tennessee	
47	097	Lauderdale	Tennessee	
47	099	Lawrence	Tennessee	
47	101	Lewis	Tennessee	
47	103	Lincoln	Tennessee	
47	105	Loudon	Tennessee	
47	107	McMinn	Tennessee	
47	109	McNairy	Tennessee	
47	111	Macon	Tennessee	
47	113	Madison	Tennessee	
47	115	Marion	Tennessee	
47	117	Marshall	Tennessee	
47	119	Maury	Tennessee	
47	121	Meigs	Tennessee	
47	123	Monroe	Tennessee	
47	125	Montgomery	Tennessee	
47	127	Moore	Tennessee	
47	129	Morgan	Tennessee	
47	131	Obion	Tennessee	
47	133	Overton	Tennessee	
47	135	Perry	Tennessee	
47	137	Pickett	Tennessee	
47	139	Polk	Tennessee	
47	141	Putnam	Tennessee	
47	143	Rhea	Tennessee	
47	145	Roane	Tennessee	
47	147	Robertson	Tennessee	
47	149	Rutherford	Tennessee	
47	151	Scott	Tennessee	
47	153	Sequatchie	Tennessee	
47	155	Sevier	Tennessee	
47	157	Shelby	Tennessee	
47	159	Smith	Tennessee	
47	161	Stewart	Tennessee	
47	163	Sullivan	Tennessee	
47	165	Sumner	Tennessee	
47	167	Tipton	Tennessee	
47	169	Trousdale	Tennessee	
47	171	Unicoi	Tennessee	
47	173	Union	Tennessee	
47	175	Van Buren	Tennessee	
47	177	Warren	Tennessee	
47	179	Washington	Tennessee	
47	181	Wayne	Tennessee	
47	183	Weakley	Tennessee	
47	185	White	Tennessee	
47	187	Williamson	Tennessee	
47	189	Wilson	Tennessee	
48	001	Anderson	Texas	
48	003	Andrews	Texas	
48	005	Angelina	Texas	
48	007	Aransas	Texas	
48	009	Archer	Texas	
48	011	Armstrong	Texas	
48	013	Atascosa	Texas	
48	015	Austin	Texas	
48	017	Bailey	Texas	
48	019	Bandera	Texas	
48	021	Bastrop	Texas	
48	023	Baylor	Texas	
48	025	Bee	Texas	
48	027	Bell	Texas	
48	029	Bexar	Texas	
48	031	Blanco	Texas	
48	033	Borden	Texas	
48	035	Bosque	Texas	
48	037	Bowie	Texas	
48	039	Brazoria	Texas	
48	041	Brazos	Texas	
48	043	Brewster	Texas	
48	045	Briscoe	Texas	
48	047	Brooks	Texas	
48	049	Brown	Texas	
48	051	Burleson	Texas	
48	053	Burnet	Texas	
48	055	Caldwell	Texas	
48	057	Calhoun	Texas	
48	059	Callahan	Texas	
48	061	Cameron	Texas	
48	063	Camp	Texas	
48	065	Carson	Texas	
48	067	Cass	Texas	
48	069	Castro	Texas	
48	071	Chambers	Texas	
48	073	Cherokee	Texas	
48	075	Childress	Texas	
48	077	Clay	Texas	
48	079	Cochran	Texas	
48	081	Coke	Texas	
48	083	Coleman	Texas	
48	085	Collin	Texas	
48	087	Collingsworth	Texas	
48	089	Colorado	Texas	
48	091	Comal	Texas	
48	093	Comanche	Texas	
48	095	Concho	Texas	
48	097	Cooke	Texas	
48	099	Coryell	Texas	
48	101	Cottle	Texas	
48	103	Crane	Texas	
48	105	Crockett	Texas	
48	107	Crosby	Texas	
48	109	Culberson	Texas	
48	111	Dallam	Texas	
48	113	Dallas	Texas	
48	115	Dawson	Texas	
48	117	Deaf Smith	Texas	
48	119	Delta	Texas	
48	121	Denton	Texas	
48	123	DeWitt	Texas	
48	125	Dickens	Texas	
48	127	Dimmit	Texas	
48	129	Donley	Texas	
48	131	Duval	Texas	
48	133	Eastland	Texas	
48	135	Ector	Texas	
48	137	Edwards	Texas	
48	139	Ellis	Texas	
48	141	El Paso	Texas	
48	143	Erath	Texas	
48	145	Falls	Texas	
48	147	Fannin	Texas	
48	149	Fayette	Texas	
48	151	Fisher	Texas	
48	153	Floyd	Texas	
48	155	Foard	Texas	
48	157	Fort Bend	Texas	
48	159	Franklin	Texas	
48	161	Freestone	Texas	
48	163	Frio	Texas	
48	165	Gaines	Texas	
48	167	Galveston	Texas	
48	169	Garza	Texas	
48	171	Gillespie	Texas	
48	173	Glasscock	Texas	
48	175	Goliad	Texas	
48	177	Gonzales	Texas	
48	179	Gray	Texas	
48	181	Grayson	Texas	
48	183	Gregg	Texas	
48	185	Grimes	Texas	
48	187	Guadalupe	Texas	
48	189	Hale	Texas	
48	191	Hall	Texas	
48	193	Hamilton	Texas	
48	195	Hansford	Texas	
48	197	Hardeman	Texas	
48	199	Hardin	Texas	
48	201	Harris	Texas	
48	203	Harrison	Texas	
48	205	Hartley	Texas	
48	207	Haskell	Texas	
48	209	Hays	Texas	
48	211	Hemphill	Texas	
48	213	Henderson	Texas	
48	215	Hidalgo	Texas	
48	217	Hill	Texas	
48	219	Hockley	Texas	
48	221	Hood	Texas	
48	223	Hopkins	Texas	
48	225	Houston	Texas	
48	227	Howard	Texas	
48	229	Hudspeth	Texas	
48	231	Hunt	Texas	
48	233	Hutchinson	Texas	
48	235	Irion	Texas	
48	237	Jack	Texas	
48	239	Jackson	Texas	
48	241	Jasper	Texas	
48	243	Jeff Davis	Texas	
48	245	Jefferson	Texas	
48	247	Jim Hogg	Texas	
48	249	Jim Wells	Texas	
48	251	Johnson	Texas	
48	253	Jones	Texas	
48	255	Karnes	Texas	
48	257	Kaufman	Texas	
48	259	Kendall	Texas	
48	261	Kenedy	Texas	
48	263	Kent	Texas	
48	265	Kerr	Texas	
48	267	Kimble	Texas	
48	269	King	Texas	
48	271	Kinney	Texas	
48	273	Kleberg	Texas	
48	275	Knox	Texas	
48	277	Lamar	Texas	
48	279	Lamb	Texas	
48	281	Lampasas	Texas	
48	283	La Salle	Texas	
48	285	Lavaca	Texas	
48	287	Lee	Texas	
48	289	Leon	Texas	
48	291	Liberty	Texas	
48	293	Limestone	Texas	
48	295	Lipscomb	Texas	
48	297	Live Oak	Texas	
48	299	Llano	Texas	
48	301	Loving	Texas	
48	303	Lubbock	Texas	
48	305	Lynn	Texas	
48	307	McCulloch	Texas	
48	309	McLennan	Texas	
48	311	McMullen	Texas	
48	313	Madison	Texas	
48	315	Marion	Texas	
48	317	Martin	Texas	
48	319	Mason	Texas	
48	321	Matagorda	Texas	
48	323	Maverick	Texas	
48	325	Medina	Texas	
48	327	Menard	Texas	
48	329	Midland	Texas	
48	331	Milam	Texas	
48	333	Mills	Texas	
48	335	Mitchell	Texas	
48	337	Montague	Texas	
48	339	Montgomery	Texas	
48	341	Moore	Texas	
48	343	Morris	Texas	
48	345	Motley	Texas	
48	347	Nacogdoches	Texas	
48	349	Navarro	Texas	
48	351	Newton	Texas	
48	353	Nolan	Texas	
48	355	Nueces	Texas	
48	357	Ochiltree	Texas	
48	359	Oldham	Texas	
48	361	Orange	Texas	
48	363	Palo Pinto	Texas	
48	365	Panola	Texas	
48	367	Parker	Texas	
48	369	Parmer	Texas	
48	371	Pecos	Texas	
48	373	Polk	Texas	
48	375	Potter	Texas	
48	377	Presidio	Texas	
48	379	Rains	Texas	
48	381	Randall	Texas	
48	383	Reagan	Texas	
48	385	Real	Texas	
48	387	Red River	Texas	
48	389	Reeves	Texas	
48	391	Refugio	Texas	
48	393	Roberts	Texas	
48	395	Robertson	Texas	
48	397	Rockwall	Texas	
48	399	Runnels	Texas	
48	401	Rusk	Texas	
48	403	Sabine	Texas	
48	405	San Augustine	Texas	
48	407	San Jacinto	Texas	
48	409	San Patricio	Texas	
48	411	San Saba	Texas	
48	413	Schleicher	Texas	
48	415	Scurry	Texas	
48	417	Shackelford	Texas	
48	419	Shelby	Texas	
48	421	Sherman	Texas	
48	423	Smith	Texas	
48	425	Somervell	Texas	
48	427	Starr	Texas	
48	429	Stephens	Texas	
48	431	Sterling	Texas	
48	433	Stonewall	Texas	
48	435	Sutton	Texas	
48	437	Swisher	Texas	
48	439	Tarrant	Texas	
48	441	Taylor	Texas	
48	443	Terrell	Texas	
48	445	Terry	Texas	
48	447	Throckmorton	Texas	
48	449	Titus	Texas	
48	451	Tom Green	Texas	
48	453	Travis	Texas	
48	455	Trinity	Texas	
48	457	Tyler	Texas	
48	459	Upshur	Texas	
48	461	Upton	Texas	
48	463	Uvalde	Texas	
48	465	Val Verde	Texas	
48	467	Van Zandt	Texas	
48	469	Victoria	Texas	
48	471	Walker	Texas	
48	473	Waller	Texas	
48	475	Ward	Texas	
48	477	Washington	Texas	
48	479	Webb	Texas	
48	481	Wharton	Texas	
48	483	Wheeler	Texas	
48	485	Wichita	Texas	
48	487	Wilbarger	Texas	
48	489	Willacy	Texas	
48	491	Williamson	Texas	
48	493	Wilson	Texas	
48	495	Winkler	Texas	
48	497	Wise	Texas	
48	499	Wood	Texas	
48	501	Yoakum	Texas	
48	503	Young	Texas	
48	505	Zapata	Texas	
48	507	Zavala	Texas	
49	001	Beaver	Utah	
49	003	Box Elder	Utah	
49	005	Cache	Utah	
49	007	Carbon	Utah	
49	009	Daggett	Utah	
49	011	Davis	Utah	
49	013	Duchesne	Utah	
49	015	Emery	Utah	
49	017	Garfield	Utah	
49	019	Grand	Utah	
49	021	Iron	Utah	
49	023	Juab	Utah	
49	025	Kane	Utah	
49	027	Millard	Utah	
49	029	Morgan	Utah	
49	031	Piute	Utah	
49	033	Rich	Utah	
49	035	Salt Lake	Utah	
49	037	San Juan	Utah	
49	039	Sanpete	Utah	
49	041	Sevier	Utah	
49	043	Summit	Utah	
49	045	Tooele	Utah	
49	047	Uintah	Utah	
49	049	Utah	Utah	
49	051	Wasatch	Utah	
49	053	Washington	Utah	
49	055	Wayne	Utah	
49	057	Weber	Utah	
50	001	Addison	Vermont	
50	003	Bennington	Vermont	
50	005	Caledonia	Vermont	
50	007	Chittenden	Vermont	
50	009	Essex	Vermont	
50	011	Franklin	Vermont	
50	013	Grand Isle	Vermont	
50	015	Lamoille	Vermont	
50	017	Orange	Vermont	
50	019	Orleans	Vermont	
50	021	Rutland	Vermont	
50	023	Washington	Vermont	
50	025	Windham	Vermont	
50	027	Windsor	Vermont	
51	001	Accomack	Virginia	
51	003	Albemarle	Virginia	
51	005	Alleghany	Virginia	
51	007	Amelia	Virginia	
51	009	Amherst	Virginia	
51	011	Appomattox	Virginia	
51	013	Arlington	Virginia	
51	015	Augusta	Virginia	
51	017	Bath	Virginia	
51	019	Bedford	Virginia	
51	021	Bland	Virginia	
51	023	Botetourt	Virginia	
51	025	Brunswick	Virginia	
51	027	Buchanan	Virginia	
51	029	Buckingham	Virginia	
51	031	Campbell	Virginia	
51	033	Caroline	Virginia	
51	035	Carroll	Virginia	
51	036	Charles City	Virginia	
51	037	Charlotte	Virginia	
51	041	Chesterfield	Virginia	
51	043	Clarke	Virginia	
51	045	Craig	Virginia	
51	047	Culpeper	Virginia	
51	049	Cumberland	Virginia	
51	051	Dickenson	Virginia	
51	053	Dinwiddie	Virginia	
51	057	Essex	Virginia	
51	059	Fairfax	Virginia	
51	061	Fauquier	Virginia	
51	063	Floyd	Virginia	
51	065	Fluvanna	Virginia	
51	067	Franklin	Virginia	
51	069	Frederick	Virginia	
51	071	Giles	Virginia	
51	073	Gloucester	Virginia	
51	075	Goochland	Virginia	
51	077	Grayson	Virginia	
51	079	Greene	Virginia	
51	081	Greensville	Virginia	
51	083	Halifax	Virginia	
51	085	Hanover	Virginia	
51	087	Henrico	Virginia	
51	089	Henry	Virginia	
51	091	Highland	Virginia	
51	093	Isle of Wight	Virginia	
51	095	James City	Virginia	
51	097	King and Queen	Virginia	
51	099	King George	Virginia	
51	101	King William	Virginia	
51	103	Lancaster	Virginia	
51	105	Lee	Virginia	
51	107	Loudoun	Virginia	
51	109	Louisa	Virginia	
51	111	Lunenburg	Virginia	
51	113	Madison	Virginia	
51	115	Mathews	Virginia	
51	117	Mecklenburg	Virginia	
51	119	Middlesex	Virginia	
51	121	Montgomery	Virginia	
51	125	Nelson	Virginia	
51	127	New Kent	Virginia	
51	131	Northampton	Virginia	
51	133	Northumberland	Virginia	
51	135	Nottoway	Virginia	
51	137	Orange	Virginia	
51	139	Page	Virginia	
51	141	Patrick	Virginia	
51	143	Pittsylvania	Virginia	
51	145	Powhatan	Virginia	
51	147	Prince Edward	Virginia	
51	149	Prince George	Virginia	
51	153	Prince William	Virginia	
51	155	Pulaski	Virginia	
51	157	Rappahannock	Virginia	
51	159	Richmond	Virginia	
51	161	Roanoke	Virginia	
51	163	Rockbridge	Virginia	
51	165	Rockingham	Virginia	
51	167	Russell	Virginia	
51	169	Scott	Virginia	
51	171	Shenandoah	Virginia	
51	173	Smyth	Virginia	
51	175	Southampton	Virginia	
51	177	Spotsylvania	Virginia	
51	179	Stafford	Virginia	
51	181	Surry	Virginia	
51	183	Sussex	Virginia	
51	185	Tazewell	Virginia	
51	187	Warren	Virginia	
51	191	Washington	Virginia	
51	193	Westmoreland	Virginia	
51	195	Wise	Virginia	
51	197	Wythe	Virginia	
51	199	York	Virginia	
51	510	Alexandria city	Virginia	
51	520	Bristol city	Virginia	
51	530	Buena Vista city	Virginia	
51	540	Charlottesville city	Virginia	
51	550	Chesapeake city	Virginia	
51	570	Colonial Heights city	Virginia	
51	580	Covington city	Virginia	
51	590	Danville city	Virginia	
51	595	Emporia city	Virginia	
51	600	Fairfax city	Virginia	
51	610	Falls Church city	Virginia	
51	620	Franklin city	Virginia	
51	630	Fredericksburg city	Virginia	
51	640	Galax city	Virginia	
51	650	Hampton city	Virginia	
51	660	Harrisonburg city	Virginia	
51	670	Hopewell city	Virginia	
51	678	Lexington city	Virginia	
51	680	Lynchburg city	Virginia	
51	683	Manassas city	Virginia	
51	685	Manassas Park city	Virginia	
51	690	Martinsville city	Virginia	
51	700	Newport News city	Virginia	
51	710	Norfolk city	Virginia	
51	720	Norton city	Virginia	
51	730	Petersburg city	Virginia	
51	735	Poquoson city	Virginia	
51	740	Portsmouth city	Virginia	
51	750	Radford city	Virginia	
51	760	Richmond city	Virginia	
51	770	Roanoke city	Virginia	
51	775	Salem city	Virginia	
51	790	Staunton city	Virginia	
51	800	Suffolk city	Virginia	
51	810	Virginia Beach city	Virginia	
51	820	Waynesboro city	Virginia	
51	830	Williamsburg city	Virginia	
51	840	Winchester city	Virginia	
53	001	Adams	Washington	
53	003	Asotin	Washington	
53	005	Benton	Washington	
53	007	Chelan	Washington	
53	009	Clallam	Washington	
53	011	Clark	Washington	
53	013	Columbia	Washington	
53	015	Cowlitz	Washington	
53	017	Douglas	Washington	
53	019	Ferry	Washington	
53	021	Franklin	Washington	
53	023	Garfield	Washington	
53	025	Grant	Washington	
53	027	Grays Harbor	Washington	
53	029	Island	Washington	
53	031	Jefferson	Washington	
53	033	King	Washington	
53	035	Kitsap	Washington	
53	037	Kittitas	Washington	
53	039	Klickitat	Washington	
53	041	Lewis	Washington	
53	043	Lincoln	Washington	
53	045	Mason	Washington	
53	047	Okanogan	Washington	
53	049	Pacific	Washington	
53	051	Pend Oreille	Washington	
53	053	Pierce	Washington	
53	055	San Juan	Washington	
53	057	Skagit	Washington	
53	059	Skamania	Washington	
53	061	Snohomish	Washington	
53	063	Spokane	Washington	
53	065	Stevens	Washington	
53	067	Thurston	Washington	
53	069	Wahkiakum	Washington	
53	071	Walla Walla	Washington	
53	073	Whatcom	Washington	
53	075	Whitman	Washington	
53	077	Yakima	Washington	
54	001	Barbour	West Virginia	
54	003	Berkeley	West Virginia	
54	005	Boone	West Virginia	
54	007	Braxton	West Virginia	
54	009	Brooke	West Virginia	
54	011	Cabell	West Virginia	
54	013	Calhoun	West Virginia	
54	015	Clay	West Virginia	
54	017	Doddridge	West Virginia	
54	019	Fayette	West Virginia	
54	021	Gilmer	West Virginia	
54	023	Grant	West Virginia	
54	025	Greenbrier	West Virginia	
54	027	Hampshire	West Virginia	
54	029	Hancock	West Virginia	
54	031	Hardy	West Virginia	
54	033	Harrison	West Virginia	
54	035	Jackson	West Virginia	
54	037	Jefferson	West Virginia	
54	039	Kanawha	West Virginia	
54	041	Lewis	West Virginia	
54	043	Lincoln	West Virginia	
54	045	Logan	West Virginia	
54	047	McDowell	West Virginia	
54	049	Marion	West Virginia	
54	051	Marshall	West Virginia	
54	053	Mason	West Virginia	
54	055	Mercer	West Virginia	
54	057	Mineral	West Virginia	
54	059	Mingo	West Virginia	
54	061	Monongalia	West Virginia	
54	063	Monroe	West Virginia	
54	065	Morgan	West Virginia	
54	067	Nicholas	West Virginia	
54	069	Ohio	West Virginia	
54	071	Pendleton	West Virginia	
54	073	Pleasants	West Virginia	
54	075	Pocahontas	West Virginia	
54	077	Preston	West Virginia	
54	079	Putnam	West Virginia	
54	081	Raleigh	West Virginia	
54	083	Randolph	West Virginia	
54	085	Ritchie	West Virginia	
54	087	Roane	West Virginia	
54	089	Summers	West Virginia	
54	091	Taylor	West Virginia	
54	093	Tucker	West Virginia	
54	095	Tyler	West Virginia	
54	097	Upshur	West Virginia	
54	099	Wayne	West Virginia	
54	101	Webster	West Virginia	
54	103	Wetzel	West Virginia	
54	105	Wirt	West Virginia	
54	107	Wood	West Virginia	
54	109	Wyoming	West Virginia	
55	001	Adams	Wisconsin	
55	003	Ashland	Wisconsin	
55	005	Barron	Wisconsin	
55	007	Bayfield	Wisconsin	
55	009	Brown	Wisconsin	
55	011	Buffalo	Wisconsin	
55	013	Burnett	Wisconsin	
55	015	Calumet	Wisconsin	
55	017	Chippewa	Wisconsin	
55	019	Clark	Wisconsin	
55	021	Columbia	Wisconsin	
55	023	Crawford	Wisconsin	
55	025	Dane	Wisconsin	
55	027	Dodge	Wisconsin	
55	029	Door	Wisconsin	
55	031	Douglas	Wisconsin	
55	033	Dunn	Wisconsin	
55	035	Eau Claire	Wisconsin	
55	037	Florence	Wisconsin	
55	039	Fond du Lac	Wisconsin	
55	041	Forest	Wisconsin	
55	043	Grant	Wisconsin	
55	045	Green	Wisconsin	
55	047	Green Lake	Wisconsin	
55	049	Iowa	Wisconsin	
55	051	Iron	Wisconsin	
55	053	Jackson	Wisconsin	
55	055	Jefferson	Wisconsin	
55	057	Juneau	Wisconsin	
55	059	Kenosha	Wisconsin	
55	061	Kewaunee	Wisconsin	
55	063	La Crosse	Wisconsin	
55	065	Lafayette	Wisconsin	
55	067	Langlade	Wisconsin	
55	069	Lincoln	Wisconsin	
55	071	Manitowoc	Wisconsin	
55	073	Marathon	Wisconsin	
55	075	Marinette	Wisconsin	
55	077	Marquette	Wisconsin	
55	078	Menominee	Wisconsin	
55	079	Milwaukee	Wisconsin	
55	081	Monroe	Wisconsin	
55	083	Oconto	Wisconsin	
55	085	Oneida	Wisconsin	
55	087	Outagamie	Wisconsin	
55	089	Ozaukee	Wisconsin	
55	091	Pepin	Wisconsin	
55	093	Pierce	Wisconsin	
55	095	Polk	Wisconsin	
55	097	Portage	Wisconsin	
55	099	Price	Wisconsin	
55	101	Racine	Wisconsin	
55	103	Richland	Wisconsin	
55	105	Rock	Wisconsin	
55	107	Rusk	Wisconsin	
55	109	St. Croix	Wisconsin	
55	111	Sauk	Wisconsin	
55	113	Sawyer	Wisconsin	
55	115	Shawano	Wisconsin	
55	117	Sheboygan	Wisconsin	
55	119	Taylor	Wisconsin	
55	121	Trempealeau	Wisconsin	
55	123	Vernon	Wisconsin	
55	125	Vilas	Wisconsin	
55	127	Walworth	Wisconsin	
55	129	Washburn	Wisconsin	
55	131	Washington	Wisconsin	
55	133	Waukesha	Wisconsin	
55	135	Waupaca	Wisconsin	
55	137	Waushara	Wisconsin	
55	139	Winnebago	Wisconsin	
55	141	Wood	Wisconsin	
56	001	Albany	Wyoming	
56	003	Big Horn	Wyoming	
56	005	Campbell	Wyoming	
56	007	Carbon	Wyoming	
56	009	Converse	Wyoming	
56	011	Crook	Wyoming	
56	013	Fremont	Wyoming	
56	015	Goshen	Wyoming	
56	017	Hot Springs	Wyoming	
56	019	Johnson	Wyoming	
56	021	Laramie	Wyoming	
56	023	Lincoln	Wyoming	
56	025	Natrona	Wyoming	
56	027	Niobrara	Wyoming	
56	029	Park	Wyoming	
56	031	Platte	Wyoming	
56	033	Sheridan	Wyoming	
56	035	Sublette	Wyoming	
56	037	Sweetwater	Wyoming	
56	039	Teton	Wyoming	
56	041	Uinta	Wyoming	
56	043	Washakie	Wyoming	
56	045	Weston	Wyoming	
